Workbook

Sheet coofandy品类定价
A1: 一、COOFANDY 西装品类所有产品定价范围
A2: 指标名称 | C2: 线上商品平均售价(原币) $
A3: 五级品类 | B3: 平台 | C3: 2023-10 | D3: 2023-11 | E3: 2023-12 | F3: 2024-01 | G3: 2024-02 | H3: 2024-03 | I3: 2024-04 | J3: 2024-05 | K3: 2024-06 | L3: 2024-07 | M3: 2024-08 | N3: 2024-09 | O3: 平均售价$ | P3: 定价范围 $
A4: 西装上衣 | B4: Amazon | C4: 62.713584 | D4: 61.699373 | E4: 66.362429 | F4: 63.301432 | G4: 63.06213 | H4: 62.126371 | I4: 61.931043 | J4: 61.701383 | K4: 61.973514 | L4: 59.383001 | M4: 58.89572 | N4: 61.256587 | O4: =AVERAGEA(C4:N4) -> 62.03388 | P4: =ROUND(MIN(C4:N4),2)&"-"&ROUND(MAX(C4:N4),2) -> 58.9-66.36
B5: Shopify | C5: 58.013956 | D5: 57.764898 | E5: 62.668043 | F5: 58.613412 | G5: 61.750439 | H5: 60.791413 | I5: 59.433426 | J5: 60.038723 | K5: 60.609355 | L5: 59.590455 | M5: 59.115625 | N5: 56.315513 | O5: =AVERAGEA(C5:N5) -> 59.558771 | P5: =ROUND(MIN(C5:N5),2)&"-"&ROUND(MAX(C5:N5),2) -> 56.32-62.67
B6: Temu | J6: 44.99 | K6: 59.379091 | L6: 68.190927 | M6: 77.614382 | N6: 60.702716 | O6: =AVERAGEA(C6:N6) -> 62.175423 | P6: =ROUND(MIN(C6:N6),2)&"-"&ROUND(MAX(C6:N6),2) -> 44.99-77.61
B7: Tiktok | C7: 44.041818 | D7: 46.08 | E7: 58.38 | F7: 50.575 | G7: 40.43 | H7: 40.65087 | I7: 35.154151 | J7: 34.036855 | K7: 37.994727 | L7: 44.219333 | M7: 24.146122 | N7: 43.333 | O7: =AVERAGEA(C7:N7) -> 41.586823 | P7: =ROUND(MIN(C7:N7),2)&"-"&ROUND(MAX(C7:N7),2) -> 24.15-58.38
A8: 西装套装 | B8: Amazon | C8: 69.76011 | D8: 76.193911 | E8: 77.8137 | F8: 76.186175 | G8: 73.385956 | H8: 76.623074 | I8: 77.19145 | J8: 82.887741 | K8: 90.983535 | L8: 85.757804 | M8: 77.433025 | N8: 80.194747 | O8: =AVERAGEA(C8:N8) -> 78.700936 | P8: =ROUND(MIN(C8:N8),2)&"-"&ROUND(MAX(C8:N8),2) -> 69.76-90.98
B9: Shopify | C9: 79.89 | D9: 86.475909 | E9: 94.755 | F9: 77.312727 | G9: 75.255 | H9: 80.72129 | I9: 70.056786 | J9: 79.982857 | K9: 71.084884 | L9: 71.662742 | M9: 68.688276 | N9: 84.845714 | O9: =AVERAGEA(C9:N9) -> 78.394265 | P9: =ROUND(MIN(C9:N9),2)&"-"&ROUND(MAX(C9:N9),2) -> 68.69-94.76
B10: Temu | K10: 76.6075 | L10: 70.013687 | M10: 66.722752 | N10: 63.714522 | O10: =AVERAGEA(C10:N10) -> 69.264615 | P10: =ROUND(MIN(C10:N10),2)&"-"&ROUND(MAX(C10:N10),2) -> 63.71-76.61
B11: Tiktok | F11: 0 | G11: 0 | H11: 54.1675 | I11: 53.322083 | J11: 57.323962 | K11: 56.1864 | L11: 72.416 | M11: 71.23 | N11: 74.2325 | O11: =AVERAGEA(C11:N11) -> 48.764272 | P11: =ROUND(MIN(C11:N11),2)&"-"&ROUND(MAX(C11:N11),2) -> 0-74.23
A12: 西装马甲 | B12: Amazon | C12: 37.83379 | D12: 44.996146 | E12: 55.300783 | F12: 47.623487 | G12: 46.128905 | H12: 41.550648 | I12: 42.030475 | J12: 40.843645 | K12: 38.298496 | L12: 37.018161 | M12: 42.403366 | N12: 59.927189 | O12: =AVERAGEA(C12:N12) -> 44.496258 | P12: =ROUND(MIN(C12:N12),2)&"-"&ROUND(MAX(C12:N12),2) -> 37.02-59.93
B13: Shopify | C13: 35.012727 | D13: 33.759896 | E13: 33.571939 | F13: 36.113814 | G13: 35.472877 | H13: 34.642021 | I13: 34.591525 | J13: 35.697347 | K13: 33.940333 | L13: 35.204706 | M13: 36.037419 | N13: 36.438082 | O13: =AVERAGEA(C13:N13) -> 35.040224 | P13: =ROUND(MIN(C13:N13),2)&"-"&ROUND(MAX(C13:N13),2) -> 33.57-36.44
B14: Temu | K14: 23.441765 | L14: 16.245389 | M14: 12.586761 | N14: 17.347497 | O14: =AVERAGEA(C14:N14) -> 17.405353 | P14: =ROUND(MIN(C14:N14),2)&"-"&ROUND(MAX(C14:N14),2) -> 12.59-23.44
B15: Tiktok | F15: 13.778333 | G15: 16.74 | H15: 34.99 | I15: 30.956 | J15: 26.929 | K15: 25.744545 | L15: 27.003125 | M15: 30.569 | N15: 30.196667 | O15: =AVERAGEA(C15:N15) -> 26.322963 | P15: =ROUND(MIN(C15:N15),2)&"-"&ROUND(MAX(C15:N15),2) -> 13.78-34.99
B16: Walmart | N16: 37.88 | O16: =AVERAGEA(C16:N16) -> 37.88 | P16: =ROUND(MIN(C16:N16),2)&"-"&ROUND(MAX(C16:N16),2) -> 37.88-37.88
A17: 合计 | C17: 53.307199 | D17: 57.006446 | E17: 63.499328 | F17: 58.9158 | G17: 58.51023 | H17: 56.718672 | I17: 57.060503 | J17: 56.902601 | K17: 56.542233 | L17: 53.636257 | M17: 54.373829 | N17: 61.810178
A20: 过去12个月，coofany西装上衣平均定价在$58.9-$66.3， 均价在$62
A21: *淡季清仓的时候部分款式价格极低，所以这里数据采用平均数。
A24: 数据来源：BI
A25: 时间： 2024年10月8日过去12个月
A28: 二、 市场销量TOP100定价范围
A30: 西装外套类目下，top 100年销量的产品中，coofandy销量最具优势，前5个品牌大部分比coofandy便宜。 coofandy的均价在中间位置,价格段在$44-$65之间。
A31: 销量第二的PJ PAUL JONES价格段为$41.86-$74。 均价比coofandy均价高$2。
A32: Brand | B32: 求和项:Units Sold | C32: 平均值项:Avg. Listing Price | D32: 最小值项:Avg. Listing Price | E32: 最大值项:Avg. Listing Price
A33: COOFANDY | B33: 258494 | C33: 56.818182 | D33: 44.3 | E33: 64.74
A34: PJ PAUL JONES | B34: 210195 | C34: 59.367143 | D34: 41.86 | E34: 74.04
A35: Cloudstyle | B35: 95161 | C35: 49.13 | D35: 36.49 | E35: 65.07
A36: Beninos | B36: 50926 | C36: 35.63 | D36: 35.63 | E36: 35.63
A37: Mylldey | B37: 37084 | C37: 31.48 | D37: 31.48 | E37: 31.48
A38: MOGU | B38: 34939 | C38: 45.716667 | D38: 43.2 | E38: 47.75
A39: KUDORO | B39: 29946 | C39: 52.78 | D39: 45.76 | E39: 60.43
A40: GRACE KARIN | B40: 24735 | C40: 61.265 | D40: 60.13 | E40: 62.4
A41: P&L | B41: 24398 | C41: 71.143333 | D41: 68 | E41: 72.74
A42: Amazon Essentials | B42: 22375 | C42: 63.475 | D42: 58.34 | E42: 68.61
A43: MAGE MALE | B43: 17862 | C43: 60.513333 | D43: 59 | E43: 63.12
A44: YFFUSHI | B44: 17726 | C44: 42.496667 | D44: 29.62 | E44: 49.99
... A65: Datysum | B65: 3334 | C65: 47.84 | D65: 47.84 | E65: 47.84
A66: (空白)
A67: 总计 | B67: 989726 | C67: 55.9019 | D67: 29.62 | E67: 104.22
A71: *数据来源：SIMILARWEB PRO
A72: 时间： 2023AUG-2024SEP
A73: 品类：Clothing, Shoes & Jewelry > Men > Clothing > Suits & Sport Coats > Sport Coats & Blazers

Sheet 西装-市场年销量TOP100产品定价
B1: Asin | C1: Variations | E1: Product | F1: Category | G1: Brand | H1: Units Sold | I1: Units Sold - Change | J1: Revenue | K1: Revenue - Change | L1: Product Views | M1: Views - Change | N1: Avg. Listing Price | O1: Reviews | P1: Rating | Q1: Badges | R1: Best Seller Rank | S1: Best Seller Category | X1: 西装外套类目下，top 100年销量的产品中，coofandy销量最具优势。 coofandy的均价在中间位置,价格段在$44-$65之间。销量第二的PJ PAUL JONES价格段为$41.86-$74, 均价比coofandy均价高$2.
B2: B07KWDH8HD | C2: B07KWN8S8H B07W72XFTG B085235FDF B083LXKFF8 B07W93LB84 B07WD4R2C7 B08911TN1P B087RQ6KS1 B07Z3B2WHB B07S9B8FQ3 | D2: ="amazon.com/dp/"&B2 -> amazon.com/dp/B07KWDH8HD | E2: COOFANDY Men's Blazer Casual Sport Coats Slim Fit One Button Suit Jacket Lightweight Sports Jacket | F2: 1045694 | G2: COOFANDY | H2: 89330 | I2: -0.27519534 | J2: 5531346 | K2: -0.31437179 | L2: 2281696 | M2: -0.25162814 | N2: 62 | O2: 9227 | P2: 4.1 | R2: 11 | S2: Clothing, Shoes & Jewelry > Men > Clothing > Suits & Sport Coats | X2: Brand | Y2: 求和项:Units Sold | Z2: 平均值项:Avg. Listing Price | AA2: 最小值项:Avg. Listing Price | AB2: 最大值项:Avg. Listing Price
B3: B085CLWCCN | C3: B01DWIFRA4 B00Z6XFV8C B01FR2382C B00Z6XFX4O B00Z6XFUU6 B00Z6XFUUQ B00Z6XFV3W B01FR238C2 B00Z6XG29Y B00Z6XG2G2 | E3: Beninos Mens Slim Fit Casual One Button Blazer Jacket | F3: 1045694 | G3: Beninos | H3: 50926 | I3: -0.051304024 | J3: 1809443 | K3: -0.03674742 | L3: 584255 | M3: -0.32704169 | N3: 35.63 | O3: 5837 | P3: 4.1 | R3: 1 | S3: Clothing, Shoes & Jewelry > Men > Clothing > Suits & Sport Coats > Sport Coats & Blazers | X3: COOFANDY | Y3: 258494 | Z3: 56.818182 | AA3: 44.3 | AB3: 64.74
B4: B073PYC4FS | C4: B073PY7WC9 B073PXSK2M B073PY3ZZZ B098HXL24D B073PY4DRJ B073PXL4PY B07CZY9Z2R B098J85YYZ B098J5JV1S B073PXM57H | E4: Cloudstyle Men's Suit Jacket One Button Slim Fit Sport Coat Business Daily Blazer | F4: 1045694 | G4: Cloudstyle | H4: 42429 | I4: -0.32415298 | J4: 1852236 | K4: -0.26196181 | L4: 709821 | M4: -0.075661232 | N4: 43.73 | O4: 5888 | P4: 4.1 | R4: 10 | S4: Clothing, Shoes & Jewelry > Men > Clothing > Suits & Sport Coats > Sport Coats & Blazers | X4: PJ PAUL JONES | Y4: 210195 | Z4: 59.367143 | AA4: 41.86 | AB4: 74.04
B5: B08S7JRS3P | C5: B08S6QF9FZ B0918XV2GM B08S6M99GF B08S6XWCN5 B08S7FCQC1 B0918ZGMC1 B08S7BVM2P B08S6XC78R B0BKZLR2QF B09ZDSLKCS | D5: ="www.amazon.com/dp/"&B5 -> www.amazon.com/dp/B08S7JRS3P | E5: PJ PAUL JONES Men's Casual Knit Blazer Suit Jackets Two Button Lightweight Unlined Sport Coat | F5: 1045694 | G5: PJ PAUL JONES | H5: 40276 | I5: 0.11824972 | J5: 2281232 | K5: 0.080520169 | L5: 822373 | M5: 0.32078196 | N5: 56.65 | O5: 2468 | P5: 4.1 | R5: 27 | S5: Clothing, Shoes & Jewelry > Men > Clothing > Suits & Sport Coats | X5: Cloudstyle | Y5: 95161 | Z5: 49.13 | AA5: 36.49 | AB5: 65.07
B6: B0CC4ZKYTL | C6: B0C8JHDVNW B0C8JFZMX9 B0C8JC2914 B0C8JDM55D B0C8JFKGJJ B0C8JGD92Y B0C8JHT1TS B0C8JF2T6P B0C8JFNR1Y B0C8JGSG5H | E6: Mylldey Mens Blazers Slim Fit Business Casual Men Suit Sport Coat One Button Travel Blazer Lightweight Suit Jacket | F6: 1045694 | G6: Mylldey | H6: 37084 | I6: 44.059538 | J6: 1163301 | K6: 43.126275 | L6: 405815 | M6: 75.195081 | N6: 31.48 | O6: 531 | P6: 4.1 | R6: 25 | S6: Clothing, Shoes & Jewelry > Men > Clothing > Suits & Sport Coats | X6: Beninos | Y6: 50926 | Z6: 35.63 | AA6: 35.63 | AB6: 35.63
B7: B08QJJCVVD | C7: B08QJJBF9X B08QJH6C72 B08QJJVYT5 B08QJJ9CJK B08QJHQLJS B08QJJD236 B097984PSG B08QJHNLVR B08QJJ5SNK B097988PFW | D7: ="www.amazon.com/dp/"&B7 -> www.amazon.com/dp/B08QJJCVVD | E7: PJ Paul Jones Men's Herringbone Blazer Jacket Lightweight Casual Knit Sport Coat | F7: 1045694 | G7: PJ PAUL JONES | H7: 32263 | I7: -0.04349244 | J7: 1835589 | K7: -0.099877603 | L7: 706811 | M7: 0.2128327 | N7: 56.93 | O7: 1721 | P7: 4.2 | R7: 14 | S7: Clothing, Shoes & Jewelry > Men > Clothing > Suits & Sport Coats > Sport Coats & Blazers | X7: Mylldey | Y7: 37084 | Z7: 31.48 | AA7: 31.48 | AB7: 31.48
B8: B0C5MVM3RT | C8: B0C5MWQ9SK B0C5MWDJSD B0C5MW98PJ B0C5MWML2Z B0CFL7H1X8 B0C5MS6QLD B0C5MTPZ21 B0C5MV6RNK B0CFL92W4W B0C5MVC5BL | D8: ="www.amazon.com/dp/"&B8 -> www.amazon.com/dp/B0C5MVM3RT | E8: PJ PAUL JONES Mens Casual Sport Coat Blazer Two Buttons Lightweight Business Jackets | F8: 1045694 | G8: PJ PAUL JONES | H8: 29454 | I8: 62.753247 | J8: 1655057 | K8: 77.864815 | L8: 579160 | M8: 94.303604 | N8: 56.41 | O8: 403 | P8: 4.2 | R8: 22 | S8: Clothing, Shoes & Jewelry > Men > Clothing > Suits & Sport Coats | X8: MOGU | Y8: 34939 | Z8: 45.716667 | AA8: 43.2 | AB8: 47.75
B9: B0CGHZTMQT | C9: B0CGJ19NF6 B0CGJ2LX56 B0CGJ2WHDM B0CGJ9RBBX B0CGJB6NHP B0CGJ4DJ7H B0CGJ2NNNN B0CGJC8DH5 B0CGJC1FHL B0CGWSY9QQ | D9: ="amazon.com/dp/"&B9 -> amazon.com/dp/B0CGHZTMQT | E9: COOFANDY Men's Blazer Casual Slim Fit Sport Coats Two Button Lightweight Suit Jacket | F9: 1045694 | G9: COOFANDY | H9: 22666 | J9: 1348628 | L9: 446893 | N9: 58.6 | O9: 399 | P9: 4.2 | R9: 23 | S9: Clothing, Shoes & Jewelry > Men > Clothing > Suits & Sport Coats > Sport Coats & Blazers | X9: KUDORO | Y9: 29946 | Z9: 52.78 | AA9: 45.76 | AB9: 60.43
B10: B0CBFXRGV4 | C10: B07QPT8FGK B07QRZTM2S B0841HP7SM B07QNQ9L95 B086884D5D B07QNQ8YNL B08R1Q4P82 B07R6L83YJ B08R1RNTXN B07PQSSVRQ | D10: ="amazon.com/dp/"&B10 -> amazon.com/dp/B0CBFXRGV4 | E10: COOFANDY Men's Tuxedo Jacket Wedding Blazer One Button Dress Suit for Dinner,Prom,Party | F10: 1045694 | G10: COOFANDY | H10: 22225 | I10: 14.728946 | J10: 1344400 | K10: 13.57123 | L10: 436857 | M10: 15.556394 | N10: 60.52 | P10: 4.2 | R10: 3 | S10: Clothing, Shoes & Jewelry > Men > Clothing > Suits & Sport Coats > Suit Separates > Suit Jackets | X10: GRACE KARIN | Y10: 24735 | Z10: 61.265 | AA10: 60.13 | AB10: 62.4
B11: B0B74XTXX8 | C11: B0B753RGSJ B0B74XX5DK B0B74YNL1F B0B74XWZBG B0B74X4GM7 B0B74P3KVK B0BRZZR222 B0CB13CC18 B0BHN3LW6C B0C39QPL95 | E11: GRACE KARIN Men's Casual Blazer Suit Jackets 2 Button Lightweight Sport Coats | F11: 1045694 | G11: GRACE KARIN | H11: 20948 | I11: 4.6190987 | J11: 1316778 | K11: 4.5896576 | L11: 454398 | M11: 5.7477168 | N11: 62.4 | O11: 523 | P11: 4.3 | R11: 39 | S11: Clothing, Shoes & Jewelry > Men > Clothing > Suits & Sport Coats | X11: P&L | Y11: 24398 | Z11: 71.143333 | AA11: 68 | AB11: 72.74
B12: B072PRRDHH | C12: B0187F205W B0187F270U B0187F25B6 B0187F28MW B071VYHL2S B0187F2AN4 B072FN2YVR B0187F2EDK B0187F2200 B0714J3643 | E12: Mens Blazer Slim Fit Sport Coats 26 Colors Suit Jacket for Daily Business and Prom Party | F12: 1045694 | G12: MOGU | H12: 20360 | I12: -0.14647439 | J12: 954646 | K12: -0.19655037 | L12: 212701 | M12: -0.36527438 | N12: 46.2 | O12: 2669 | P12: 4.3 | R12: 15 | S12: Clothing, Shoes & Jewelry > Men > Clothing > Suits & Sport Coats > Sport Coats & Blazers | X12: Amazon Essentials | Y12: 22375 | Z12: 63.475 | AA12: 58.34 | AB12: 68.61
B13: B09FFMMTKY | C13: B09FFNBRN6 B09FFKGYKX B09FFJM7D8 B09FFLJ7GN B09FFL51KY B09FFMVD57 B09FFKQWDY B09FFLB6PF B09FFM63ZC B09FFKRZ33 | D13: ="amazon.com/dp/"&B13 -> amazon.com/dp/B09FFMMTKY | E13: COOFANDY Mens Casual Blazer Sport Coat Slim Fit Two Button Suit Jackets Lightweight Business Sports Jacket | F13: 1045694 | G13: COOFANDY | H13: 19828 | I13: -0.027085378 | J13: 1187581 | K13: -0.080465938 | L13: 442344 | M13: 0.07275999 | N13: 59.09 | O13: 1280 | P13: 4 | R13: 53 | S13: Clothing, Shoes & Jewelry > Men > Clothing > Suits & Sport Coats > Sport Coats & Blazers | X13: MAGE MALE | Y13: 17862 | Z13: 60.513333 | AA13: 59 | AB13: 63.12
B14: B07RMM7MMM | C14: B07RK26MRQ B07RHXY6ZT B07RHXWD9Y B07RHXY7NL B07RHXY5T1 B07RMMHMP8 B07RL5WTR1 B07RM831JZ B07RGTQRZS B07RGTQQ4L | E14: Amazon Essentials Men's Long-Sleeve Classic-fit Button-Front Stretch Blazer | F14: 1045694 | G14: Amazon Essentials | H14: 16952 | I14: 0.94203231 | J14: 1099534 | K14: 0.80611217 | L14: 215309 | M14: -0.019772185 | N14: 68.61 | O14: 1028 | P14: 4.3 | R14: 25 | S14: Clothing, Shoes & Jewelry > Men > Clothing > Suits & Sport Coats > Sport Coats & Blazers | X14: YFFUSHI | Y14: 17726 | Z14: 42.496667 | AA14: 29.62 | AB14: 49.99
B15: B09XTLRZV5 | C15: B07TB2JC94 B07TC4RT8S B07TB2NXWH B07T82S83Q B07TB4VHKK B07TB439L6 B07TB526VR B07T96186N B07T82SMNB B07T82PQTP | E15: AMY ZHU Men's Sport Coat Classic Fit Stretch Blazer 2 Button Suit Jacket | F15: 1045694 | G15: AMY ZHU | H15: 14870 | I15: 0.1045907 | J15: 1062240 | K15: 0.034246062 | L15: 215020 | M15: 0.70951995 | N15: 71.57 | O15: 2183 | P15: 4.4 | R15: 11 | S15: Clothing, Shoes & Jewelry > Men > Clothing > Suits & Sport Coats > Sport Coats & Blazers | X15: AMY ZHU | Y15: 14870 | Z15: 71.57 | AA15: 71.57 | AB15: 71.57
B16: B0CP7S835J | C16: B00W6I427G B07FS8CM4Q B00W6I41ZE B00W6I424O B07FS81TJS B00W6I42CG B00W6I41XG B07FNBB4CL B07FN96JTN B00W6I41SQ | E16: P&L Men's Blazer Premium Stretch Classic Fit Sport Coat Suit Jacket | F16: 1045694 | G16: P&L | H16: 14834 | J16: 1083902 | L16: 243044 | N16: 72.69 | O16: 1594 | P16: 4.3 | R16: 12 | S16: Clothing, Shoes & Jewelry > Men > Clothing > Suits & Sport Coats > Sport Coats & Blazers | X16: Fxzpiodi | Y16: 13727 | Z16: 51.87 | AA16: 51.87 | AB16: 51.87
B17: B0743BZLW4 | C17: B01E9ZCR0W B01E9ZCT6E B01MXLKTKM B01E9ZCRN4 B0768VKSKT B01E9ZCWR0 B01N1FMTQU B0768VVGGP B01E9ZCUWC B01N418ANT | E17: Cloudstyle Men's Dress Floral Suit Notched Lapel Slim Fit Stylish Blazer Dress Suit | F17: 1045694 | G17: Cloudstyle | H17: 14668 | I17: -0.03860523 | J17: 856492 | K17: -0.088666696 | L17: 198146 | M17: 0.078069827 | N17: 57.94 | O17: 5191 | P17: 4.3 | R17: 35 | S17: Clothing, Shoes & Jewelry > Men > Clothing > Suits & Sport Coats > Sport Coats & Blazers | X17: Teemlanny | Y17: 13083 | Z17: 72.22 | AA17: 72.22 | AB17: 72.22
B18: B08PVV6F4R | C18: B0869GQYN6 B0869FT15K B07WBXSHTB B0869GL3HB B07W4N9HPT B07W5SFQFP B07W7X3D1S B0869GL9F4 B07WC1JV4V B07W6SQXXN | E18: Cloudstyle Mens Casual Slim Fit Suit Jacket 1 Button Daily Blazer Business Sport Coat Tops | F18: 1045694 | G18: Cloudstyle | H18: 14654 | I18: -0.23116474 | J18: 543764 | K18: -0.22685018 | L18: 191895 | M18: -0.10633869 | N18: 36.49 | O18: 1713 | P18: 3.9 | R18: 19 | S18: Clothing, Shoes & Jewelry > Men > Clothing > Suits & Sport Coats > Sport Coats & Blazers | X18: DAVID.ANN | Y18: 11795 | Z18: 36.95 | AA18: 34.9 | AB18: 39
B19: B09DPC7J69 | C19: B09DPM77ZW B09J4V1VNT B09DNZPDPQ B09DNVCPMF B09DPC9NMW B09DP9155Q B09DNQ6KWJ B09DNZVQCB B09DNS2Z4R B09DNVLPZ8 | D19: ="amazon.com/dp/"&B19 -> amazon.com/dp/B09DPC7J69 | E19: COOFANDY Men's Casual Linen Blazer Lightweight Regular Fit Sport Coat One Button Suit Jacket | F19: 1045694 | G19: COOFANDY | H19: 14585 | I19: -0.1828216 | J19: 745986 | K19: -0.32546237 | L19: 284128 | M19: -0.12457481 | N19: 53.36 | O19: 1171 | P19: 3.8 | R19: 84 | S19: Clothing, Shoes & Jewelry > Men > Clothing > Suits & Sport Coats > Sport Coats & Blazers | X19: Catheive | Y19: 11558 | Z19: 41.115 | AA19: 34.18 | AB19: 48.05
B20: B082K7P4VF | C20: B08R73ZYBQ B09289QRC9 B09289NFYX B09289ZW3P B08R759THS B08R72VCTZ B0989L3Y5Q B09KY7V3J3 B09YD8B7C5 B08R74JRSF | D20: ="www.amazon.com/dp/"&B20 -> www.amazon.com/dp/B082K7P4VF | E20: PJ Paul Jones Men's Casual One Button Suit Blazer Jacket Sport Coat | F20: 1045694 | G20: PJ PAUL JONES | H20: 14503 | I20: -0.39487629 | J20: 821203 | K20: -0.39692279 | L20: 263837 | M20: -0.38423173 | N20: 57.17 | O20: 1933 | P20: 4.1 | R20: 43 | S20: Clothing, Shoes & Jewelry > Men > Clothing > Suits & Sport Coats > Sport Coats & Blazers | X20: WEEN CHARM | Y20: 11312 | Z20: 64.13 | AA20: 64.13 | AB20: 64.13
B21: B0CP29C11T | C21: B0C6DYPLB1 B0CP5JNDG3 B0C5WMRHHR B0CX1HZKDF B0CX15M862 B0C6DZFLCV | E21: Mens Suit Jackets Casual Two Button Slim Fit Blazers Suit Separates Coat Sport Coats with Pockets for Wedding Prom Party | F21: 1045694 | G21: Fxzpiodi | H21: 13727 | J21: 715584 | L21: 232828 | N21: 51.87 | O21: 238 | P21: 3.9 | X21: THWEI | Y21: 11169 | Z21: 62.375 | AA21: 57.28 | AB21: 67.47
B22: B09R35TM93 | C22: B08K8CTGW3 B08DFYS56K B08DFYHQ3F B08DFZ5J6V B09VH3YW6W B08DFYQ545 B08DFYPRX6 B08DFXXDZ8 B08DFWTY2Z B0BHYRBR8F | E22: Men's Sport Coat Blazer Classic Fit 2 Button Notch Lapel Business Suits Jacket | F22: 1045694 | G22: Teemlanny | H22: 13083 | I22: 0.75375335 | J22: 950618 | K22: 0.68655149 | L22: 151830 | M22: 1.1011334 | N22: 72.22 | O22: 571 | P22: 4.4 | R22: 47 | S22: Clothing, Shoes & Jewelry > Men > Clothing > Suits & Sport Coats > Sport Coats & Blazers | X22: Haggar | Y22: 10451 | Z22: 86.633333 | AA22: 65.03 | AB22: 104.22
A23: =_xlfn.XLOOKUP(B23,[1]组件!$A:$A,[1]组件!$D:$D) -> #N/A | B23: B09VGT152F | C23: B09P3D88MR B09P3LC8P1 B09P2WLBN9 B09P343KT9 B09SV555H5 B09P32JQ27 B09SV47D6D B09SV25HFW B09SV259HB B09JGK37XC | E23: Mens Plaid Blazer Sports Coat Casual Slim Fit Checkered Blazer for Men Wedding | F23: 1045694 | G23: KUDORO | H23: 12313 | I23: 0.20869736 | J23: 733654 | K23: 0.30726946 | L23: 289233 | M23: 0.66061709 | N23: 60.43 | O23: 740 | P23: 4.2 | R23: 30 | S23: Clothing, Shoes & Jewelry > Men > Clothing > Suits & Sport Coats > Sport Coats & Blazers | X23: KUDMOL | Y23: 8248 | Z23: 47.54 | AA23: 43.59 | AB23: 51.49
A24: =_xlfn.XLOOKUP(B24,[1]组件!$A:$A,[1]组件!$D:$D) -> #N/A | B24: B0BQXCRRPD | C24: B0B5WZWQMM B0B5X21KDC B0B5X1YBK5 B0B5WZGLC7 B0B5X25XSH B0BKZLC4H6 B0B5X19J14 B0B5WYK2GQ B0B5WYNY13 B0B5X263CD | D24: ="www.amazon.com/dp/"&B24 -> www.amazon.com/dp/B0BQXCRRPD | E24: Mens Lightweight Notch Lapels Sport Coats Regular Fit Unlined Knit Blazer Jacket XXL | F24: 1045694 | G24: PJ PAUL JONES | H24: 11463 | I24: 1.4747409 | J24: 636014 | K24: 1.387207 | L24: 149869 | M24: 1.1118125 | N24: 55 | O24: 2468 | P24: 4.1 | X24: UNINUKOO | Y24: 7856 | Z24: 45.125 | AA24: 44.75 | AB24: 45.5
A25: =_xlfn.XLOOKUP(B25,[1]组件!$A:$A,[1]组件!$D:$D) -> #N/A | B25: B07WG5ST32 | C25: B07WKDQ6DZ B07WH5WR4X B07WJ8XSYJ B07WKDNCQ1 B07WN6DV81 B07WG5RDSG B07WG5S3PR B07WJ8Y58M B09QKPDFDL B09QKWRXXF | E25: WEEN CHARM Velvet Blazer for Men Slim Fit One Button Sport Coat Tuxedo Jacket for Prom Wedding Party Dinner | F25: 1045694 | G25: WEEN CHARM | H25: 11312 | I25: 0.39327503 | J25: 700311 | K25: 0.26989173 | L25: 179687 | M25: 0.43914238 | N25: 64.13 | O25: 1261 | P25: 4.3 | X25: KISSQIQI | Y25: 6620 | Z25: 52.84 | AA25: 52.84 | AB25: 52.84
A26: =_xlfn.XLOOKUP(B26,[1]组件!$A:$A,[1]组件!$D:$D) -> #N/A | B26: B0CM6HV6Z4 | C26: B0BDDYBTJ4 B0BDD1FP5C B0BDD1H81B B0BDDM151S B0BDD55JFJ B0BP1G6SWW B0BKFXYMFT B0BDDPY4X4 B0C5R1RCSJ B0BQXNQL4M | D26: ="amazon.com/dp/"&B26 -> amazon.com/dp/B0CM6HV6Z4 | E26: COOFANDY Men's Linen Cotton Casual Suits Blazer Jackets Lightweight Sports Coats | F26: 1045694 | G26: COOFANDY | H26: 10571 | J26: 484436 | L26: 237719 | N26: 46.48 | O26: 364 | P26: 2.8 | R26: 60 | S26: Clothing, Shoes & Jewelry > Men > Clothing > Suits & Sport Coats > Sport Coats & Blazers | X26: chouyatou | Y26: 6140 | Z26: 57.33 | AA26: 57.33 | AB26: 57.33
A27: =_xlfn.XLOOKUP(B27,[1]组件!$A:$A,[1]组件!$D:$D) -> #N/A | B27: B082HQJTZP | C27: B082HQG5ZG B082HRM4C9 B082HPP6MC B082HR2B6H B082HQT89P B08CB9JC71 B082HR4SBP B08CB84GQQ B082HQCQVC B09ZV2FHYX | D27: ="www.amazon.com/dp/"&B27 -> www.amazon.com/dp/B082HQJTZP | E27: PJ Paul Jones Men's Slim Fit Lightweight Linen Jacket Tailored Blazer Sport Coat | F27: 1045694 | G27: PJ PAUL JONES | H27: 10164 | I27: -0.5852275 | J27: 600292 | K27: -0.57877615 | L27: 218389 | M27: -0.4595442 | N27: 59.2 | O27: 1704 | P27: 4 | R27: 75 | S27: Clothing, Shoes & Jewelry > Men > Clothing > Suits & Sport Coats > Sport Coats & Blazers | X27: Hi-Tie | Y27: 5980 | Z27: 83.37 | AA27: 83.37 | AB27: 83.37
A28: =_xlfn.XLOOKUP(B28,[1]组件!$A:$A,[1]组件!$D:$D) -> #N/A | B28: B0CJRMVT8G | C28: B07SY7WYR2 B07XCN9FXP B0B1TF2VM9 B07SSXGY1R B07RP6NGVK B07XCLVTJV B07SX73TDT B08PPGQ1BQ B07X7VVCG4 B07SYPP6TS | D28: ="amazon.com/dp/"&B28 -> amazon.com/dp/B0CJRMVT8G | E28: COOFANDY Men's Slim Fit Casual Blazers Lightweight Sport Coats One Button Suit Jackets | F28: 1045694 | G28: COOFANDY | H28: 9927 | J28: 574989 | L28: 220921 | N28: 60.97 | O28: 1506 | P28: 4.2 | R28: 56 | S28: Clothing, Shoes & Jewelry > Men > Clothing > Suits & Sport Coats > Sport Coats & Blazers | X28: YUNCLOS | Y28: 5940 | Z28: 37.61 | AA28: 37.61 | AB28: 37.61
A29: =_xlfn.XLOOKUP(B29,[1]组件!$A:$A,[1]组件!$D:$D) -> #N/A | B29: B08CRQDD1Z | C29: B08CRDJCC9 B08CR32JM1 B08CRC3M46 B08CRLMXY5 B08CRCN6L2 B08CRS6HMG B08CR36X3D B08CR6R26S B08CR5MLBB B08KP4MLJF | D29: ="www.amazon.com/dp/"&B29 -> www.amazon.com/dp/B08CRQDD1Z | E29: Herringbone Tweed Blazer British Wool Blend Sport Coat Jacket | F29: 1045694 | G29: PJ PAUL JONES | H29: 9789 | I29: 0.55727012 | J29: 666933 | K29: 0.40022549 | L29: 198303 | M29: 0.25447886 | N29: 70.85 | O29: 1134 | P29: 4.2 | R29: 43 | S29: Clothing, Shoes & Jewelry > Men > Clothing > Suits & Sport Coats | X29: Aowdoy | Y29: 5311 | Z29: 49.27 | AA29: 49.27 | AB29: 49.27
A30: =_xlfn.XLOOKUP(B30,[1]组件!$A:$A,[1]组件!$D:$D) -> #N/A | B30: B0855RQ7NH | C30: B07T3K3ZKD B07ZBDWG21 B07T2HHPZC B07T4N76SD B07T1JR661 B07T6SWRYW B07SZCSTG5 B07T1HZMXF B07T4Q9CRG B07T3J9G26 | E30: Men's Casual Suit Jacket Slim Fit One Button Notched Lapel Business Daily Lightweight Blazer Jacket | F30: 1045694 | G30: YFFUSHI | H30: 9245 | I30: 0.18738762 | J30: 273972 | K30: 0.2266927 | L30: 103409 | M30: 0.11480164 | N30: 29.62 | O30: 941 | P30: 3.6 | R30: 44 | S30: Clothing, Shoes & Jewelry > Men > Clothing > Suits & Sport Coats > Sport Coats & Blazers | X30: Lion Nardo | Y30: 4242 | Z30: 47.85 | AA30: 47.85 | AB30: 47.85
A31: =_xlfn.XLOOKUP(B31,[1]组件!$A:$A,[1]组件!$D:$D) -> #N/A | B31: B07YDJKWB5 | C31: B08FX4MCYR B07YDHG7PW B07YDJVCQK B07YDJ8S2J B07YDJ3YBX B07YDJVD85 B092MBNSMF B094Y7C62Z B08ZDKL7ML B09M3PN9K3 | D31: ="amazon.com/dp/"&B31 -> amazon.com/dp/B07YDJKWB5 | E31: COOFANDY Men's Floral Tuxedo Jacket Jacquard Suit Jacket Slim Fit Blazer for Wedding, Prom, Dinner | F31: 1045694 | G31: COOFANDY | H31: 8786 | I31: 0.063680387 | J31: 531549 | K31: 0.0052746047 | L31: 125110 | M31: 0.10298072 | N31: 59.32 | O31: 971 | P31: 4.4 | R31: 14 | S31: Clothing, Shoes & Jewelry > Men > Clothing > Suits & Sport Coats > Tuxedos | X31: SISAVE | Y31: 4009 | Z31: 48.66 | AA31: 48.66 | AB31: 48.66
A32: =_xlfn.XLOOKUP(B32,[1]组件!$A:$A,[1]组件!$D:$D) -> #N/A | B32: B07TZ1FWCM | C32: B07ZJ5ZW4D B07TZNLVSN B07ZJ5ZWTQ B0B939WF8V B07TWTN7WF B0B938FMFB B0B936ZV37 B08KT7VXTH B07TZ251LC B0B93BJ6RK | D32: ="www.amazon.com/dp/"&B32 -> www.amazon.com/dp/B07TZ1FWCM | E32: PJ PAUL JONES Men's Cardigan Sweater Shawl Collar Button Down Knit Blazer Jacket Knitwear | F32: 1045694 | G32: PJ PAUL JONES | H32: 8178 | I32: 0.41072969 | J32: 332894 | K32: 0.70561804 | L32: 100977 | M32: 1.2009416 | N32: 41.86 | O32: 778 | P32: 4.2 | R32: 28 | S32: Clothing, Shoes & Jewelry > Men > Clothing > Sweaters > Cardigans | X32: Blissshow | Y32: 3509 | Z32: 59.74 | AA32: 59.74 | AB32: 59.74
A33: =_xlfn.XLOOKUP(B33,[1]组件!$A:$A,[1]组件!$D:$D) -> #N/A | B33: B07KXL9G53 | C33: B07KXMYXQ9 B07KXM73K9 B07KXPVSCS B0986WNLKR B07KXLLHMZ B07KXLW635 B07KXMMZDS B07KXM7SZ3 B07KXPK3QK B07KXM9YVD | E33: Cloudstyle Mens One Button Sequin Dress Suit Jacket Party Festival Tuxedo Sport Coat | F33: 1045694 | G33: Cloudstyle | H33: 7916 | I33: 0.80565693 | J33: 389800 | K33: 0.79681846 | L33: 80983 | M33: 0.6151054 | N33: 49.19 | O33: 564 | P33: 4.2 | R33: 38 | S33: Clothing, Shoes & Jewelry > Men > Clothing > Suits & Sport Coats > Sport Coats & Blazers | X33: Lynerun | Y33: 3366 | Z33: 48.88 | AA33: 48.88 | AB33: 48.88
A34: =_xlfn.XLOOKUP(B34,[1]组件!$A:$A,[1]组件!$D:$D) -> #N/A | B34: B07GBSJP2N | C34: B07GBTYVPR B07GBTPGT5 B07GBSP457 B07GBV8KTH B07GBTTXYX B07GBTGVHC B07GBW1HBY B08B18S8NL B07GBV11TF B07GBSDZP6 | E34: Mens Suit Jacket Slim Fit Sport Coats Blazer for Daily Business Wedding Party | F34: 1045694 | G34: MOGU | H34: 7832 | I34: -0.13601765 | J34: 375441 | K34: -0.14965675 | L34: 78128 | M34: -0.26036864 | N34: 47.75 | O34: 1301 | P34: 4.2 | R34: 52 | S34: Clothing, Shoes & Jewelry > Men > Clothing > Suits & Sport Coats > Sport Coats & Blazers | X34: J.Ver | Y34: 3365 | Z34: 42.96 | AA34: 42.96 | AB34: 42.96
A35: =_xlfn.XLOOKUP(B35,[1]组件!$A:$A,[1]组件!$D:$D) -> #N/A | B35: B0B7X9XRTW | C35: B0B7XB58QX B0B7X8856R B0B7X8ZTD7 B0B7X8BMMM B0B7X7L35N B0B7X8W7TW B0B7XBCJX9 B0B7X8NBMR B0B7X7B92L B0B7X89Z6T | E35: Mens Velvet Blazer Slim Fit Suit Jacket for Men Peaked Lapel One Button Tuxedo Blazer Wedding Prom Dinner | F35: 1045694 | G35: KUDORO | H35: 7561 | I35: 3.4061772 | J35: 382138 | K35: 3.6442478 | L35: 91113 | M35: 5.626882 | N35: 50.37 | O35: 236 | P35: 4.4 | R35: 42 | S35: Clothing, Shoes & Jewelry > Men > Clothing > Suits & Sport Coats > Sport Coats & Blazers | X35: Datysum | Y35: 3334 | Z35: 47.84 | AA35: 47.84 | AB35: 47.84
A36: =_xlfn.XLOOKUP(B36,[1]组件!$A:$A,[1]组件!$D:$D) -> #N/A | B36: B09MQHW1QM | C36: B09QRLDL63 B09KKMQQDG B09QS3YTJY B09QS3MQ92 B09KLDPHKQ B09QRW4DLT B09QRPXVMM B09QRT1VSZ B09MKC99F5 B09QRM9XBD | E36: MAGE MALE Men's Slim Fit Blazer Jackets Suit One Button Lightweight Sport Coats Casual Blazer | F36: 1045694 | G36: MAGE MALE | H36: 7140 | I36: -0.14058739 | J36: 400890 | K36: -0.20704715 | L36: 112480 | M36: 0.094568031 | N36: 59.42 | O36: 786 | P36: 4 | X36: (空白)
A37: =_xlfn.XLOOKUP(B37,[1]组件!$A:$A,[1]组件!$D:$D) -> #N/A | B37: B07CJKY9ZG | C37: B075Q66TKL B01MZ58QYD B01N0WAUPS B07ZM1JMZ7 B07ZLZ9B1R B07ZLZPNW7 B07ZLZ8G87 B01N2ZC66A B01N1XRVIZ B07ZLZNQST | E37: DAVID.ANN Men's Slim Fit One Button Casual Blazer Jacket | F37: 1045694 | G37: DAVID.ANN | H37: 6830 | I37: 0.33450567 | J37: 239690 | K37: 0.41678341 | L37: 69676 | M37: 0.11712174 | N37: 34.9 | O37: 797 | P37: 4 | R37: 69 | S37: Clothing, Shoes & Jewelry > Men > Clothing > Suits & Sport Coats > Sport Coats & Blazers | X37: 总计 | Y37: 989726 | Z37: 55.9019 | AA37: 29.62 | AB37: 104.22
A38: =_xlfn.XLOOKUP(B38,[1]组件!$A:$A,[1]组件!$D:$D) -> #N/A | B38: B0C5WS2T12 | C38: B0C5WVGVCM B0C5WVXJ2L B0C5WTJYZW B0C5WT5G11 B0C5WWH6HC B0C5WT2KDV B0C5WVS5ZF B0C5WX4K8J B0C5WVQNHW B0C5WW78T4 | D38: ="amazon.com/dp/"&B38 -> amazon.com/dp/B0C5WS2T12 | E38: COOFANDY Men's Casual Blazer Jacket One Button Suit Jackets Lightweight Knit Sport Coat | F38: 1045694 | G38: COOFANDY | H38: 6817 | I38: 7.6840764 | J38: 400623 | K38: 7.6850286 | L38: 142102 | M38: 13.184668 | N38: 59.71 | O38: 178 | P38: 4
A39: =_xlfn.XLOOKUP(B39,[1]组件!$A:$A,[1]组件!$D:$D) -> #N/A | B39: B0193DYCTY | C39: B099ZP64GL B099ZLRTGJ B099ZMKLFN B09B14DVNS B099ZN4CLL B099ZN5QD9 B099ZNHMT1 B099ZNBQDQ B09Z6GR5G2 B09Z67KHF1 | E39: MOGU Men's Casual Suit Blazer Jackets Slim Fit Plaid Sports Coat | F39: 1045694 | G39: MOGU | H39: 6747 | I39: 0.63921283 | J39: 295032 | K39: 0.30708229 | L39: 76328 | M39: 0.29833812 | N39: 43.2 | O39: 211 | P39: 4.3
A40: =_xlfn.XLOOKUP(B40,[1]组件!$A:$A,[1]组件!$D:$D) -> #N/A | B40: B0968MBMQX | C40: B07PR7H66K B08YXTS83T B07PS9BTDD B07PS8PB4W B07PSBPDHC B07PSBL11B B0968NQBSX B0968NZTRQ B07PSBM35S B07PMZZ421 | E40: Men's Blazer Lightweight Casual Solid One Button Slim Fit Sport Coat | F40: 1045694 | G40: Catheive | H40: 6656 | I40: -0.13513514 | J40: 230734 | K40: -0.14902892 | L40: 79639 | M40: -0.060882998 | N40: 34.18 | O40: 670 | P40: 3.7 | R40: 68 | S40: Clothing, Shoes & Jewelry > Men > Clothing > Suits & Sport Coats > Sport Coats & Blazers
A41: =_xlfn.XLOOKUP(B41,[1]组件!$A:$A,[1]组件!$D:$D) -> #N/A | B41: B0D2HRTJDH | C41: B0C57ZR8ZD B0C6XS4R63 B0C5M54LC5 B0C5M5JFGF B0C57ZGMNW B0C5M3GN6Q B0C5M4X4SF B0C8SQ5Y1Z B0C5M4BMQT B0C8SSXX4P | E41: Mens Casual Blazer Suit Jacket Stylish Sport Coats 1 Button Lightweight Notched Lapel Blazers for Daily | F41: 1045694 | G41: KISSQIQI | H41: 6620 | J41: 351921 | L41: 98823 | N41: 52.84 | O41: 176 | P41: 4.1 | X41: *数据来源：SIMILARWEB PRO
A42: =_xlfn.XLOOKUP(B42,[1]组件!$A:$A,[1]组件!$D:$D) -> #N/A | B42: B099W1R974 | C42: B0BJKCJGHZ B09LH4VR7X B09LGZK5CS B09LH6TP21 B0B6HPBP9X B09LGSN1BK B0BHVHY17C B0BHVGWQTN B0BHVH1VZK B0BHVHQ28C | D42: ="www.amazon.com/dp/"&B42 -> www.amazon.com/dp/B099W1R974 | E42: Men Casual Tweed Blazer Jacket Vintage Plain Wool Blend Sport Jacket for Hunting | F42: 1045694 | G42: PJ PAUL JONES | H42: 6577 | I42: 0.27857698 | J42: 415479 | K42: 0.30046888 | L42: 110874 | M42: 0.26483305 | N42: 69.21 | O42: 509 | P42: 4.4 | X42: 时间： 2023AUG-2024SEP
A43: =_xlfn.XLOOKUP(B43,[1]组件!$A:$A,[1]组件!$D:$D) -> #N/A | B43: B07Y33WJD3 | C43: B07Y34T9W5 B07Y34GTCG B0BFDX6FN9 B07Y33ZDHW B07Y33W4C4 B07Y34FRXQ B07Y33SH4L B0B1L4573V B07Y34KN19 B07Y34ZQGL | E43: chouyatou Men's Vintage Casual Work Wear Corduroy Suit Blazer Jacket Sport Coat | F43: 1045694 | G43: chouyatou | H43: 6140 | I43: -0.30879207 | J43: 346150 | K43: -0.33979646 | L43: 100429 | M43: -0.43568752 | N43: 57.33 | O43: 1200 | P43: 4.1 | R43: 26 | S43: Clothing, Shoes & Jewelry > Men > Clothing > Suits & Sport Coats > Sport Coats & Blazers | X43: 品类：Clothing, Shoes & Jewelry > Men > Clothing > Suits & Sport Coats > Sport Coats & Blazers
A44: =_xlfn.XLOOKUP(B44,[1]组件!$A:$A,[1]组件!$D:$D) -> #N/A | B44: B0CB5W2XZ1 | C44: B0CB5TT87J B0CB5T5H9F B0CB5T7M1M B0CB5SP7T1 B0CB5SN1DC B0CB5SX8NR B0CB5VB6G8 B0CB5VBW8H B0CB5T82W5 B0CB5TS23C | D44: ="www.amazon.com/dp/"&B44 -> www.amazon.com/dp/B0CB5W2XZ1 | E44: PJ PAUL JONES Men's Vintage Herringbone Tweed Blazers British Wool Blend Sport Coat Jacket | F44: 1045694 | G44: PJ PAUL JONES | H44: 6068 | I44: 32.340659 | J44: 424049 | K44: 38.354896 | L44: 132287 | M44: 54.05077 | N44: 73.06 | O44: 174 | P44: 4.2 | R44: 20 | S44: Clothing, Shoes & Jewelry > Men > Clothing > Suits & Sport Coats > Sport Coats & Blazers
A45: =_xlfn.XLOOKUP(B45,[1]组件!$A:$A,[1]组件!$D:$D) -> #N/A | B45: B09PR57P1T | C45: B09MTL99VQ B0C4DHGFZL B09MTLWC8L B0C4DCCSG7 B09MTKZ35T B0BL6XK3MR B09MTKM22D B0BL733TFN B0B9XJP1SG B0C4DCW3ZN | E45: Hi-Tie Mens Suit Jacket Blazer One Button Shawl Lapel Slim Fit Long Sleeve Party Dinner Floral Stylish Tuxedo Jacket | F45: 1045694 | G45: Hi-Tie | H45: 5980 | I45: 0.91482549 | J45: 489890 | K45: 0.7313109 | L45: 88000 | M45: 1.2381606 | N45: 83.37 | O45: 367 | P45: 4.5
A46: =_xlfn.XLOOKUP(B46,[1]组件!$A:$A,[1]组件!$D:$D) -> #N/A | B46: B071VVZ76V | C46: B07YNFT9CY B07DVTZHBC B071FG2ZWF B0773FPD4J B0BN1VGFK3 B07739W19K B07YRH1DJW B08HMFKTQ6 B07YFZZCNX B0719PZRXQ | E46: YUNCLOS Men's Slim Fit Casual 1 Button Notched Lapel Blazer Jacket | F46: 1045694 | G46: YUNCLOS | H46: 5940 | I46: -0.53010047 | J46: 222893 | K46: -0.49253578 | L46: 63241 | M46: -0.59887988 | N46: 37.61 | O46: 1927 | P46: 3.4
A47: =_xlfn.XLOOKUP(B47,[1]组件!$A:$A,[1]组件!$D:$D) -> #N/A | B47: B0B971SPL8 | C47: B0BHMTNHGT B0B96Z586G B0BGKXFQ8W B0B96ZN9CG B0BGKV7PTM B0B972D5P6 B0B96YLXGY B0C33QF735 B0B96YRQBT B0B96YJTK6 | E47: THWEI Mens Casual Suit Blazer Jackets Stand Collar Business Sport Coats | F47: 1045694 | G47: THWEI | H47: 5868 | I47: 1.7004142 | J47: 330736 | K47: 1.8337303 | L47: 92844 | M47: 2.955353 | N47: 57.28 | O47: 237 | P47: 3.8 | R47: 87 | S47: Clothing, Shoes & Jewelry > Men > Clothing > Suits & Sport Coats > Sport Coats & Blazers
A48: =_xlfn.XLOOKUP(B48,[1]组件!$A:$A,[1]组件!$D:$D) -> #N/A | B48: B07YFT9B58 | C48: B07KXM6GBW B07KXN2894 B07KXMDFHM B07KXLLCXN B07T9M5S2Y B07KXMXD6G B07KXM48LN B07KXN78RQ B0815R49KL B07KXMB3F1 | E48: Cloudstyle Mens Sequin Tailcoat Swallowtail Suit Jacket Party Show Tux Dress Coat | F48: 1045694 | G48: Cloudstyle | H48: 5795 | I48: 0.42804337 | J48: 226651 | K48: 0.31102319 | L48: 56416 | M48: 0.27482261 | N48: 39.18 | O48: 773 | P48: 3.8 | R48: 66 | S48: Clothing, Shoes & Jewelry > Men > Clothing > Suits & Sport Coats > Sport Coats & Blazers
A49: =_xlfn.XLOOKUP(B49,[1]组件!$A:$A,[1]组件!$D:$D) -> #N/A | B49: B0CTMHX52D | C49: B0CTMC2TNF B0CTMPRDMT B0CTMCZQ56 B0CTMKJ6Y4 B0CTMHQBMC B0CX189PQX B0CTMJG69S B0CTMGLFB9 B0CTMJPF7W B0CTM7YQQX | D49: ="amazon.com/dp/"&B49 -> amazon.com/dp/B0CTMHX52D | E49: COOFANDY Mens Casual Blazer Slim Fit Suit Jacket Lightweight Knit Sport Coat Two Button Blazer Jacket | F49: 1045694 | G49: COOFANDY | H49: 5696 | J49: 370420 | L49: 126037 | N49: 64.74 | O49: 149 | P49: 4.1 | R49: 34 | S49: Clothing, Shoes & Jewelry > Men > Clothing > Suits & Sport Coats > Sport Coats & Blazers
A50: =_xlfn.XLOOKUP(B50,[1]组件!$A:$A,[1]组件!$D:$D) -> #N/A | B50: B08RJ9B2BJ | C50: B07BVR2TP1 B08RJDS1QM B07BVG85WT B0829M5F3M B08RHT41TN B08RHLLCDG B07BVR5F28 B08RJB5BS1 B08RJ49TDP B07BVRJX5Y | E50: P&L Mens Suit Blazer Jacket Two Button Stretch Sports Coats | F50: 1045694 | G50: P&L | H50: 5632 | I50: 0.041805401 | J50: 405475 | K50: 0.042947389 | L50: 74788 | M50: 0.29991483 | N50: 72.74 | O50: 590 | P50: 4.3 | R50: 43 | S50: Clothing, Shoes & Jewelry > Men > Clothing > Suits & Sport Coats > Suit Separates > Suit Jackets
A51: =_xlfn.XLOOKUP(B51,[1]组件!$A:$A,[1]组件!$D:$D) -> #N/A | B51: B0BKQP7SMF | C51: B0BKQPZ1H2 B0BKQTK1VH B0BKQR2VJX B0BKQQKHXX B0BKQP9YJD B0BKQTMXZN B0BKQNWLYL B0BKQR76VW B0BKQR51S6 B0BKQW6P79 | D51: ="amazon.com/dp/"&B51 -> amazon.com/dp/B0BKQP7SMF | E51: COOFANDY Men’s Casual Blazer Jackets Two Button Lightweight Slim Fit Sports Coat | F51: 1045694 | G51: COOFANDY | H51: 5498 | I51: 0.76841428 | J51: 245715 | K51: 0.62872938 | L51: 77917 | M51: 0.64774674 | N51: 44.3 | O51: 141 | P51: 3.6
A52: =_xlfn.XLOOKUP(B52,[1]组件!$A:$A,[1]组件!$D:$D) -> #N/A | B52: B0B48KG2W9 | C52: B0B48KPXK9 B0B496TRFH B0B496F4JQ B0B48TLJ9S B0B48K3YSB B0B48MXMS5 B0B48ZN7ZY B0C7GXN9P7 B0C7GX52BT B0C7GZ1CPN | E52: MAGE MALE Men's Velvet Slim Fit Suit Blazer Jacket Shawl Lapel One Button Dinner Prom Wedding Tuxedo | F52: 1045694 | G52: MAGE MALE | H52: 5449 | I52: 1.1743815 | J52: 332005 | K52: 0.99167946 | L52: 76673 | M52: 1.8946315 | N52: 63.12 | O52: 247 | P52: 4.4 | R52: 27 | S52: Clothing, Shoes & Jewelry > Men > Clothing > Suits & Sport Coats > Tuxedos
A53: =_xlfn.XLOOKUP(B53,[1]组件!$A:$A,[1]组件!$D:$D) -> #N/A | B53: B07RK2371K | C53: B07RM838L2 B07RK2377S B07RMMHMDB B07RM82LYW B07RL5Z2VZ B07RK26TDH B07RM6YC9F B07RK26L5W B07RMMJT8B B07RMMH7KF | E53: Amazon Essentials Men's Long-Sleeve Button-Front Slim-Fit Stretch Blazer | F53: 1045694 | G53: Amazon Essentials | H53: 5423 | I53: 0.091805919 | J53: 301057 | K53: -0.10880576 | L53: 72918 | M53: -0.42251402 | N53: 58.34 | O53: 613 | P53: 4.3
A54: =_xlfn.XLOOKUP(B54,[1]组件!$A:$A,[1]组件!$D:$D) -> #N/A | B54: B0CNTCQVGC | C54: B0CKR3DBRY B0C5CZG6LP B0CKR4MRQN B0C5D1TTPD B0C5D35N5T B0C5D2Y4XV B0C5D6YSLL B0C5D1FPF9 B0C5D27R3R B0C5R3H1HZ | E54: Mens Suit Jacket Tuxedo Jackets Suits Blazer Jacket for Men Dinner Suit Blazer Prom Wedding Dress Coat | F54: 1045694 | G54: Aowdoy | H54: 5311 | J54: 266181 | L54: 80115 | N54: 49.27 | O54: 129 | P54: 4 | R54: 32 | S54: Clothing, Shoes & Jewelry > Men > Clothing > Suits & Sport Coats > Sport Coats & Blazers
A55: =_xlfn.XLOOKUP(B55,[1]组件!$A:$A,[1]组件!$D:$D) -> #N/A | B55: B0CK49LQVZ | C55: B0B96V1W7R B0B96Y4R45 | E55: THWEI Mens Velvet Blazer Slim Fit Solid Blazer Sport Coat | F55: 1045694 | G55: THWEI | H55: 5301 | J55: 353765 | L55: 60257 | N55: 67.47 | O55: 848 | P55: 4.3
A56: =_xlfn.XLOOKUP(B56,[1]组件!$A:$A,[1]组件!$D:$D) -> #N/A | B56: B0CN97G3FZ | C56: B0B2W8192J B0B2W7MBG7 B0B2W8N86X B09QGR6DJ3 B09QGR6W59 B09QGSGF97 B0B2WHMZWR B09QGS48D1 B09QGRRR5S B0B2W7QPMY | E56: MAGE MALE Men's Dress Party Floral Suit Jacket Notched Lapel Slim Fit Two Button Stylish Blazer | F56: 1045694 | G56: MAGE MALE | H56: 5273 | J56: 313781 | L56: 63415 | N56: 59 | O56: 1514 | P56: 4.4
A57: =_xlfn.XLOOKUP(B57,[1]组件!$A:$A,[1]组件!$D:$D) -> #N/A | B57: B0BSH71951 | C57: B0C61PJKY6 B0B8296JGB B0C61TNL9Z B0B824J4K9 B0C61VKH98 B0B826RC8B B0B8271MYG B0B827SXYJ B0B82538DH B0B825BGV5 | E57: Mens Velvet Blazer Slim Fit Tuxedo Suits Jacket Shawl Collar Solid Jacket Wedding Dinner Prom One Button Blazer Jacket | F57: 1045694 | G57: KUDORO | H57: 5259 | I57: 10.507659 | J57: 281587 | K57: 11.33732 | L57: 58468 | M57: 15.859285 | N57: 54.56 | O57: 181 | P57: 4.4 | R57: 62 | S57: Clothing, Shoes & Jewelry > Men > Clothing > Suits & Sport Coats > Sport Coats & Blazers
A58: =_xlfn.XLOOKUP(B58,[1]组件!$A:$A,[1]组件!$D:$D) -> #N/A | B58: B08CMP2ZZB | C58: B08CMY4NRH B08CMZYJCM B08CN3KKJW B08CMMRNY9 B08CMTVGH7 B08CMYW67Z B08CMMD54W B08CMM37XY B08CMKW86R B08CMRD99S | E58: Cloudstyle Mens Embroidery Tux Dress Suit Jacket Formal Print Prom Blazer Dinner Sport Coat | F58: 1045694 | G58: Cloudstyle | H58: 5253 | I58: 0.5657228 | J58: 332520 | K58: 0.54042861 | L58: 47555 | M58: 0.83206842 | N58: 65.07 | O58: 381 | P58: 4.3
A59: =_xlfn.XLOOKUP(B59,[1]组件!$A:$A,[1]组件!$D:$D) -> #N/A | B59: B0BTBM6S8M | C59: B0BG5MHVWK B0BG5LBN4M B0BG5P7LYM B0BG5P3DS7 B0BG5LRFM2 B0BRYYDFZ9 B0C65DWX49 B0C65FP8MR B0BG6J4WGF B0BG5QFYPX | E59: Men Black Sequin Shiny Prom Suit Jacket One Button Slim Fit Sport Coats and Blazers Tuxedo for Wedding Banquet | F59: 1045694 | G59: KUDMOL | H59: 5103 | I59: 3.1896552 | J59: 264411 | K59: 3.335104 | L59: 49265 | M59: 6.7803222 | N59: 51.49 | O59: 227 | P59: 4.3 | R59: 61 | S59: Clothing, Shoes & Jewelry > Men > Clothing > Suits & Sport Coats > Sport Coats & Blazers
A60: =_xlfn.XLOOKUP(B60,[1]组件!$A:$A,[1]组件!$D:$D) -> #N/A | B60: B075D636KX | C60: B06XD7TL8R B06XD2T6B5 B06XCZ69MC B06XDF84NJ B07ZLZB93M B07ZLZ7SRS B07ZM15SGL B06XRBNCPH B06XRC5BXK B06XDBMKYF | E60: DAVID.ANN Men's Slim Fit Casual One Button Blazer Jacket | F60: 1045694 | G60: DAVID.ANN | H60: 4965 | I60: -0.29101814 | J60: 192560 | K60: -0.2614922 | L60: 56554 | M60: -0.19628798 | N60: 39 | O60: 1155 | P60: 4 | R60: 97 | S60: Clothing, Shoes & Jewelry > Men > Clothing > Suits & Sport Coats > Sport Coats & Blazers
A61: =_xlfn.XLOOKUP(B61,[1]组件!$A:$A,[1]组件!$D:$D) -> #N/A | B61: B07H8B6PZW | C61: B07H87NNK2 B07H88NGKB B07H877264 B07ZK4RWLM B07H86S9B9 B07H898L8L B07H87LD67 B07H8884CY B07H87VLZ8 B07ZK4FPWK | E61: Mens Slim Fit Blazer Jacket Two-Button Notched Lapel Casual Suit Jacket | F61: 1045694 | G61: YFFUSHI | H61: 4919 | I61: -0.16598847 | J61: 246397 | K61: -0.1704084 | L61: 89377 | M61: 0.60605571 | N61: 49.99 | O61: 961 | P61: 4.2
A62: =_xlfn.XLOOKUP(B62,[1]组件!$A:$A,[1]组件!$D:$D) -> #N/A | B62: B07PX3D4N7 | C62: B07NRQW3LG B07PZDKYBL B07Q1JJ7ZK B07PY8XMG4 B07Q2CFW9R B07Q1JGRRY B0B9RCZ1DL B08TCH9XBT B08TCGJ2DJ B08V1HBRZG | E62: Blazer for Men Slim Fit Suit Jacket Sport Coats Formal Dress Jacket 2 Button | F62: 1045694 | G62: Catheive | H62: 4902 | I62: -0.35753604 | J62: 235331 | K62: -0.35750188 | L62: 56910 | M62: -0.23448387 | N62: 48.05 | O62: 663 | P62: 4.2 | R62: 88 | S62: Clothing, Shoes & Jewelry > Men > Clothing > Suits & Sport Coats > Sport Coats & Blazers
A63: =_xlfn.XLOOKUP(B63,[1]组件!$A:$A,[1]组件!$D:$D) -> #N/A | B63: B0CTQZVW2F | C63: B0CTQT5HRV B0CTQSD2SV B0CTQTPLZG B0CTQSH5YM B0CTQV37QP B0CTQVBFSF B0CTQTP41V B0CTQTG1S3 B0CTQT4DCJ B0CTQWD96N | D63: ="www.amazon.com/dp/"&B63 -> www.amazon.com/dp/B0CTQZVW2F | E63: PJ PAUL JONES Men's Lightweight Sport Coat Casual One Button Blazer Breathable Sportcoat | F63: 1045694 | G63: PJ PAUL JONES | H63: 4891 | J63: 287201 | L63: 93203 | N63: 58.79 | O63: 94 | P63: 4.2 | R63: 31 | S63: Clothing, Shoes & Jewelry > Men > Clothing > Suits & Sport Coats
A64: =_xlfn.XLOOKUP(B64,[1]组件!$A:$A,[1]组件!$D:$D) -> #N/A | B64: B0CTMF1RTP | C64: B0CTMNHW6M B0CTMNR95L B0CTMMN86T B0CTMPPH4V B0CTMNTZZ7 B0CTMNWJ8Y B0CTMMLTLM B0CTMMQ757 B0CTMMS6WG B0CTML6XSN | D64: ="amazon.com/dp/"&B64 -> amazon.com/dp/B0CTMF1RTP | E64: COOFANDY Men's Casual Blazer Slim Fit Suit Jackets Two Button Lightweight Knit Sport Coat | F64: 1045694 | G64: COOFANDY | H64: 4871 | J64: 304855 | L64: 104048 | N64: 61.68 | O64: 150 | P64: 4.2 | R64: 33 | S64: Clothing, Shoes & Jewelry > Men > Clothing > Suits & Sport Coats > Sport Coats & Blazers
A65: =_xlfn.XLOOKUP(B65,[1]组件!$A:$A,[1]组件!$D:$D) -> #N/A | B65: B09NYDPG14 | C65: B09NYDFR8S B09NYC9L8S B09NYCML24 B0B2S1DG7J B09NYG626V B09NYF57RC B09NYD3SXB B09NYD2MSL B09NYD5ZJ6 B09NYD3H5N | E65: Men's Sport Coats & Blazers Slim Fit Suit Jacket for Men Two Button Sport Coat for Wedding Casual | F65: 1045694 | G65: KUDORO | H65: 4813 | I65: 0.16735387 | J65: 221113 | K65: 0.23784758 | L65: 62831 | M65: 0.59761493 | N65: 45.76 | O65: 357 | P65: 4.2 | R65: 86 | S65: Clothing, Shoes & Jewelry > Men > Clothing > Suits & Sport Coats > Sport Coats & Blazers
A66: =_xlfn.XLOOKUP(B66,[1]组件!$A:$A,[1]组件!$D:$D) -> #N/A | B66: B0BYYH5JV1 | C66: B0BBQK22Q8 B0C2TWC9FG B08K8VZX97 B08K8WZFRV B0BCR1MZMJ B099ZDKP79 B0BCQZLYK4 B0C2TZDTNY B099ZGBJBY B0C2TR8CY8 | D66: ="amazon.com/dp/"&B66 -> amazon.com/dp/B0BYYH5JV1 | E66: COOFANDY Mens Blazer Sport Coats Casual Slim Fit Suit Jacket Business One Button Blazers | F66: 1045694 | G66: COOFANDY | H66: 4570 | I66: 1.045658 | J66: 280315 | K66: 1.0624591 | L66: 77896 | M66: 0.64705882 | N66: 62.04 | O66: 9227 | P66: 4.1
A67: =_xlfn.XLOOKUP(B67,[1]组件!$A:$A,[1]组件!$D:$D) -> #N/A | B67: B0BTRZGTX8 | C67: B0BTRYHL9G B0C3HHDJJS B0C3HK8VBD B0BYHKJ1X8 B0BTRH7ZVZ B0C3HJHHQX B0BYHM6KG4 B0BTSHC58M B0C3HKGGG1 B0C3HK2PXD | D67: ="www.amazon.com/dp/"&B67 -> www.amazon.com/dp/B0BTRZGTX8 | E67: PJ PAUL JONES Mens Casual Suit Blazer Jackets One Button Regular Fit Linen Blend Sport Coat | F67: 1045694 | G67: PJ PAUL JONES | H67: 4518 | I67: 1.4019139 | J67: 240698 | K67: 1.3345845 | L67: 70698 | M67: 1.2480921 | N67: 54.1 | O67: 171 | P67: 4.3
A68: =_xlfn.XLOOKUP(B68,[1]组件!$A:$A,[1]组件!$D:$D) -> #N/A | B68: B0BKZG28K8 | C68: B08592JV9X B07TZ2QHX8 B07TWTTHC2 B07V21DT6H B0BLRHF9H5 B07TSLYPGQ B07TZLY2Z4 B07TVR1H1M B091KWG4W6 B091KW8FH6 | E68: Cloudstyle Mens Stylish Dinner Tux Dress Blazer Slim Fit Gold Sequin Suit Jacket Sport Coat | F68: 1045694 | G68: Cloudstyle | H68: 4446 | I68: -0.1993517 | J68: 235281 | K68: -0.28427934 | L68: 55070 | M68: -0.21861033 | N68: 52.31 | O68: 1048 | P68: 4.2
A69: =_xlfn.XLOOKUP(B69,[1]组件!$A:$A,[1]组件!$D:$D) -> #N/A | B69: B0CFR1DDD7 | C69: B0CFQK3P1Z B0CFQLMFKK B0CFQMCNWP B0CFQNF6SW B0CFQMT3RL B0CFQN1DKW B0CFQMHZ2J B0CFQPHQ1N B0CFQP1FTM B0CFQM542D | D69: ="amazon.com/dp/"&B69 -> amazon.com/dp/B0CFR1DDD7 | E69: COOFANDY Mens Tweed Blazer Slim Fit Casual Sport Coat Two Button Knit Suit Jacket | F69: 1045694 | G69: COOFANDY | H69: 4437 | J69: 275200 | L69: 67976 | N69: 62.32 | O69: 98 | P69: 4.4
A70: =_xlfn.XLOOKUP(B70,[1]组件!$A:$A,[1]组件!$D:$D) -> #N/A | B70: B0B64VY8LX | C70: B0B5XLBQK1 B0B5XK8J2V B0B5XLWKWN B0B5XRB64Z B0B5XQPGWM B0B5XNJYPV B0B5XPFZZZ B0CC2P6PB2 B0CC2LHC9X B0CC2M6DBL | D70: ="www.amazon.com/dp/"&B70 -> www.amazon.com/dp/B0B64VY8LX | E70: PJ PAUL JONES Mens Blazer Jacket Faux Leather Suit Jacket Casual 2 Buttons Suede Sport Blazer Coat with Pockets | F70: 1045694 | G70: PJ PAUL JONES | H70: 4436 | I70: 1.6483582 | J70: 271218 | K70: 1.3665666 | L70: 51590 | M70: 1.2516585 | N70: 63.47 | O70: 240 | P70: 4.2 | R70: 57 | S70: Clothing, Shoes & Jewelry > Men > Clothing > Suits & Sport Coats > Sport Coats & Blazers
A71: =_xlfn.XLOOKUP(B71,[1]组件!$A:$A,[1]组件!$D:$D) -> #N/A | B71: B0BCDQ1BPH | C71: B07KPSCX4G B07KPRK8X2 B082HBRHSW B07KPQMMNN B07KPSWJ33 B082HCB9V7 B0C3V611MY B082HCQNTK B082HBRXPG B082HCKJ5R | E71: UNINUKOO Mens Suit Jacket Slim Fit Sport Coat 1 Button Notched Lapel Casual Fashion Dress Blazer for Men | F71: 1045694 | G71: UNINUKOO | H71: 4357 | I71: -0.19760589 | J71: 196187 | K71: -0.22658104 | L71: 40749 | M71: -0.27150672 | N71: 45.5 | O71: 281 | P71: 4.1 | R71: 90 | S71: Clothing, Shoes & Jewelry > Men > Clothing > Suits & Sport Coats > Sport Coats & Blazers
A72: =_xlfn.XLOOKUP(B72,[1]组件!$A:$A,[1]组件!$D:$D) -> #N/A | B72: B0CDCHHHVL | C72: B0CDCHSQ8X B0CDCKL8MB B0CDCJ446G B0CDCKFZ43 B0CDCFM4XY B0CDCJ1QHL B0CDCK52WF B0CP5WWD76 B0CDCJLSJJ B0CDCHTD4S | E72: Casual Blazer for Men Linen Blazer Jacket Slim Fit Suit Jackets for Men Casual Blazer Sport Coat Linen Suits | F72: 1045694 | G72: Lion Nardo | H72: 4242 | J72: 201017 | L72: 52339 | N72: 47.85 | O72: 137 | P72: 4.4
A73: =_xlfn.XLOOKUP(B73,[1]组件!$A:$A,[1]组件!$D:$D) -> #N/A | B73: B0D2DD9MFF | C73: B0CZNSHXNT B0CZNPCVXV B0CZNNZQP8 B0CZNNQGDP B0CZNRQ6ZP B0CZNQSM8W B0CZNQ84CW B0CZNT2KNH B0CZNTJSSG B0CZNRRF92 | D73: ="amazon.com/dp/"&B73 -> amazon.com/dp/B0D2DD9MFF | E73: COOFANDY Mens Casual Blazer Slim Fit Sport Coats One Button Stylish Business Suit Jacket | F73: 1045694 | G73: COOFANDY | H73: 4146 | J73: 226660 | L73: 77888 | N73: 55.61 | O73: 82 | P73: 4.2 | R73: 58 | S73: Clothing, Shoes & Jewelry > Men > Clothing > Suits & Sport Coats > Sport Coats & Blazers
A74: =_xlfn.XLOOKUP(B74,[1]组件!$A:$A,[1]组件!$D:$D) -> #N/A | B74: B0CM5VRBS7 | C74: B0BMFYY31Y B0BMFVZP36 B0BMFW78FR B0C3B8CJK2 B0C7BSKCMP B0BWY59VT4 B0BMFYXBCR B0C3B9HF6V B0BMFZ9LXC B0BMFXS8VP | E74: Blazer for Men Casual Mens Suit Jacket Slim Fit Men's Suit Outfit Notch Lapel Men's Sport Coats & Blazers | F74: 1045694 | G74: SISAVE | H74: 4009 | J74: 193014 | L74: 57548 | N74: 48.66 | O74: 112 | P74: 4.1 | R74: 13 | S74: Clothing, Shoes & Jewelry > Men > Clothing > Suits & Sport Coats > Suit Separates > Suit Jackets
A75: =_xlfn.XLOOKUP(B75,[1]组件!$A:$A,[1]组件!$D:$D) -> #N/A | B75: B0CRQFK9PS | C75: B0CRQFQ6RR B0CRQBQL1Z B0CRQGGSYR B0CRQCJ7FH B0CRQDCZRH B0CRPXXBD6 B0CRQCLQ2R B0CRQDBMMX B0CRQCWNNM B0CRQF99YL | D75: ="amazon.com/dp/"&B75 -> amazon.com/dp/B0CRQFK9PS | E75: COOFANDY Mens Casual Sport Coat Slim Fit Lightweight Blazers Jacket Two Button Business Suit Jackets | F75: 1045694 | G75: COOFANDY | H75: 4008 | J75: 232303 | L75: 78750 | N75: 57.93 | O75: 90 | P75: 4.2 | R75: 39 | S75: Clothing, Shoes & Jewelry > Men > Clothing > Suits & Sport Coats > Suit Separates
A76: =_xlfn.XLOOKUP(B76,[1]组件!$A:$A,[1]组件!$D:$D) -> #N/A | B76: B0833D28PY | C76: B0833D28PY B08BY13J25 | E76: P&L Men's Blazer Premium Stretch Classic Fit Sport Coat Suit Jacket | F76: 1045694 | G76: P&L | H76: 3932 | I76: -0.56814937 | J76: 267095 | K76: -0.6012079 | L76: 40340 | M76: -0.50812676 | N76: 68 | O76: 1572 | P76: 4.3
A77: =_xlfn.XLOOKUP(B77,[1]组件!$A:$A,[1]组件!$D:$D) -> #N/A | B77: B0C88KNHRN | C77: B0C86HCWP5 B0C86HWYYV B0C86F72JW B0C86KK59R B0C86GVSPZ B0C86GCLJR B0C86GW9L8 B0C86DMP6L B0C86GJZKN B0C86BRZNJ | E77: GRACE KARIN Mens Velvet Blazer Two Button Slim Fit Suit Jacket Sports Coats for Men Prom Wedding Dinner Party | F77: 1045694 | G77: GRACE KARIN | H77: 3787 | I77: 9.2628726 | J77: 211877 | K77: 8.20804 | L77: 59879 | M77: 15.01471 | N77: 60.13 | O77: 97 | P77: 4.2 | R77: 76 | S77: Clothing, Shoes & Jewelry > Men > Clothing > Suits & Sport Coats > Sport Coats & Blazers
A78: =_xlfn.XLOOKUP(B78,[1]组件!$A:$A,[1]组件!$D:$D) -> #N/A | B78: B0CDS34SSK | C78: B0CDS3FPY4 B0CDS3V4R3 B0CDRZSG93 B0CDS361JN B0CDS1S8TX B0CDS3PSJK B0CDS2PPZR B0CDS3VJP3 B0CDS4GJ67 B0CDS2Y4C7 | D78: ="www.amazon.com/dp/"&B78 -> www.amazon.com/dp/B0CDS34SSK | E78: PJ PAUL JONES Mens Herringbone Blazer Vintage Tweed Wool Blend Sport Coat Jacket | F78: 1045694 | G78: PJ PAUL JONES | H78: 3705 | J78: 225134 | L78: 51682 | N78: 63.46 | O78: 95 | P78: 4.4 | R78: 71 | S78: Clothing, Shoes & Jewelry > Men > Clothing > Suits & Sport Coats > Sport Coats & Blazers
A79: =_xlfn.XLOOKUP(B79,[1]组件!$A:$A,[1]组件!$D:$D) -> #N/A | B79: B0D35N1198 | C79: B099LJT3LG B099M2253R B09B2Z5X8Y B099LYCWJF B099LLXXJW B099LYR2KY B09B31XS1K B09B31VDC2 B099LPMK8Z B09B2ZXL29 | E79: HAGGAR mens Smart Wash Highland Blazer | F79: 1045694 | G79: Haggar | H79: 3681 | J79: 225630 | L79: 53578 | N79: 65.03 | O79: 222 | P79: 4 | R79: 17 | S79: Clothing, Shoes & Jewelry > Men > Clothing > Suits & Sport Coats > Sport Coats & Blazers
A80: =_xlfn.XLOOKUP(B80,[1]组件!$A:$A,[1]组件!$D:$D) -> #N/A | B80: B0CQXBW4G9 | C80: B0CQXM3Q29 B0CQXLH62K B0CQXMM9WG B0CQXMBZTV B0CQXM23SS B0CQXM9F8F B0CQXMS4HX B0CQXMRYXP B0CQXNGNPY B0CQXLT72R | D80: ="www.amazon.com/dp/"&B80 -> www.amazon.com/dp/B0CQXBW4G9 | E80: PJ PAUL JONES Mens Blazer Casual Sport Coats Regular Fit Two Button Suit Jacket Lightweight Sports Jacket | F80: 1045694 | G80: PJ PAUL JONES | H80: 3676 | J80: 196098 | L80: 52369 | N80: 54.91 | O80: 80 | P80: 4.1 | R80: 99 | S80: Clothing, Shoes & Jewelry > Men > Clothing > Suits & Sport Coats > Sport Coats & Blazers
A81: =_xlfn.XLOOKUP(B81,[1]组件!$A:$A,[1]组件!$D:$D) -> #N/A | B81: B0C8MV47HV | C81: B0C8MT2K11 B0C8MVH4NP B0C8MSCM7J B0C8MVT4ZT B0C8MT3KX6 B0C8MTN2CT B0C8MTZ5WF B0C8MSRLJ3 B0C8MV6363 B0C8MVMF62 | D81: ="amazon.com/dp/"&B81 -> amazon.com/dp/B0C8MV47HV | E81: COOFANDY Mens Metallic Jacket Regular Fit Blazer Casual 70s Disco Party Sport Coat | F81: 1045694 | G81: COOFANDY | H81: 3590 | I81: 18.301075 | J81: 203679 | K81: 21.238126 | L81: 46213 | M81: 17.22998 | N81: 57.35 | O81: 104 | P81: 4.3
A82: =_xlfn.XLOOKUP(B82,[1]组件!$A:$A,[1]组件!$D:$D) -> #N/A | B82: B09J22LPBZ | C82: B09B3172VD B09B317CCR B099LSQ63W B09B2WZDQQ B09B317Q8F B099LYN6BX B099M2VMSQ B09B2ZFS7B B09B328M8V B099M1QFPW | E82: Haggar Men's Smart Wash Performance Blazer & Jackets | F82: 1045694 | G82: Haggar | H82: 3588 | I82: 0.6626506 | J82: 279717 | K82: 0.45682902 | L82: 75626 | M82: 0.23689117 | N82: 90.65 | O82: 222 | P82: 4
A83: =_xlfn.XLOOKUP(B83,[1]组件!$A:$A,[1]组件!$D:$D) -> #N/A | B83: B0CB1M7787 | C83: B0CB1K7591 B0CB1HRRNZ B0CB1JWM6L B0CB1LBNQ1 B0CB1L4S7Q B0CB1K1H25 B0CB1MG7H3 B0CB1JKSNM B0CB1MJFDG B0CB1JZ6RN | D83: ="amazon.com/dp/"&B83 -> amazon.com/dp/B0CB1M7787 | E83: COOFANDY Men's Casual Knit Blazer Suit Jacket Lightweight Sport Coats Two Button | F83: 1045694 | G83: COOFANDY | H83: 3580 | I83: 28.586777 | J83: 206811 | K83: 28.2809 | L83: 55361 | M83: 33.906053 | N83: 59.7 | O83: 76 | P83: 3.9
A84: =_xlfn.XLOOKUP(B84,[1]组件!$A:$A,[1]组件!$D:$D) -> #N/A | B84: B0CQCJNZ5W | C84: B0CQCBPG22 B0CQC93LX9 B0CQCBPG2K B0CQBZM9CW B0CQC89GDD B0CQC45V8M B0CQBZDM26 B0CQCH9493 B0CQC5PJQ7 B0CQC6931J | D84: ="amazon.com/dp/"&B84 -> amazon.com/dp/B0CQCJNZ5W | E84: COOFANDY Mens Blazer Jacket One Button Casual Suit Jackets Stretch Knit Sport Coat | F84: 1045694 | G84: COOFANDY | H84: 3578 | J84: 213450 | L84: 65614 | N84: 59.07 | O84: 105 | P84: 4.1
A85: =_xlfn.XLOOKUP(B85,[1]组件!$A:$A,[1]组件!$D:$D) -> #N/A | B85: B077SQBLCJ | C85: B07DG9M46V B077SFHSM9 B0784RZ711 B0784SWY6S B0784RZ1N2 B07WLNYTW4 B07WLMJLTQ B07JFZG1BJ B077SBSHLJ B083K1VK3G | E85: Men' Slim Fit One Button Suit Blazer Jacket Casual Party Sport Coat | F85: 1045694 | G85: YFFUSHI | H85: 3562 | I85: -0.25683288 | J85: 172025 | K85: -0.28136371 | L85: 64004 | M85: 0.45987866 | N85: 47.88 | O85: 906 | P85: 4.1
A86: =_xlfn.XLOOKUP(B86,[1]组件!$A:$A,[1]组件!$D:$D) -> #N/A | B86: B08DCGV22C | C86: B08DCNCCFD B08DCX2R5C B08DCTYT4F B08DCWGX5B B08DCHFBD9 B08DCJ4B8P B08DCSG337 B08DCPNZ95 B08QN3S7HL B09DK864ZX | D86: ="www.amazon.com/dp/"&B86 -> www.amazon.com/dp/B08DCGV22C | E86: Mens Wool Blend Blazer Jacket Houndstooth Suit Blazer Notch Lapel 2 Button | F86: 1045694 | G86: PJ PAUL JONES | H86: 3547 | I86: -0.23357822 | J86: 243222 | K86: -0.23620057 | L86: 54591 | M86: -0.39505995 | N86: 74.04 | O86: 545 | P86: 4.1 | R86: 100 | S86: Clothing, Shoes & Jewelry > Men > Clothing > Suits & Sport Coats > Sport Coats & Blazers
A87: =_xlfn.XLOOKUP(B87,[1]组件!$A:$A,[1]组件!$D:$D) -> #N/A | B87: B0CHFMQVGR | C87: B0CQYL4ZSW B0CHFJJ3RQ B0CHFN2NR6 B0CHFJCV36 B0CHFLXSR4 B0CQYLB1LC B0CHFN631K B0CQYLTVLL B0CHFJ664Q B0CQYNHG3W | E87: Men's Sport Coat Casual Blazer One Button Lightweight Business Suit Jacket | F87: 1045694 | G87: Blissshow | H87: 3509 | J87: 211757 | L87: 59453 | N87: 59.74 | O87: 75 | P87: 3.4
A88: =_xlfn.XLOOKUP(B88,[1]组件!$A:$A,[1]组件!$D:$D) -> #N/A | B88: B0B7754TKT | C88: B07G7ZW6FP B07G7W87TP B07G7RQFLD B07G839P2Q B0C491NNJ3 B09XMDJS87 B07G7XK6RT B07L2N3778 B07G82QMDN B07G84GBDJ | E88: Mens Blazer Jacket Casual 2 Buttons Suit Jacket Single Breasted Sport Coats Modern Wedding Tux Blazer | F88: 1045694 | G88: UNINUKOO | H88: 3499 | I88: 0.38245753 | J88: 158052 | K88: 0.37020694 | L88: 24115 | M88: -0.30777621 | N88: 44.75 | O88: 572 | P88: 4.1
A89: =_xlfn.XLOOKUP(B89,[1]组件!$A:$A,[1]组件!$D:$D) -> #N/A | B89: B0CPDRBDR5 | C89: B0CPDPZF37 B0CPDRXDNV B0CPDR2ZSS B0CPDQ84PP B0CPDQ4SFX B0CPDQTK1D B0CPDRBR1B B0CPDR6MT7 B0CPDRWN7V B0CPDR64JK | D89: ="www.amazon.com/dp/"&B89 -> www.amazon.com/dp/B0CPDRBDR5 | E89: PJ PAUL JONES Men's Casual Blazer Sport Coats Two Button Stretch Suit Jackets | F89: 1045694 | G89: PJ PAUL JONES | H89: 3457 | J89: 223362 | L89: 62063 | N89: 63.48 | O89: 49 | P89: 4.2
A90: =_xlfn.XLOOKUP(B90,[1]组件!$A:$A,[1]组件!$D:$D) -> #N/A | B90: B0BS6NK97M | C90: B0BS3FN7MC B0C3LRBYL9 B0BS3G8P65 B0C3LPLYH5 B0BS3DL9CV B0C3LLBSKN B0BS3FMRLZ B0BS3GPH3X B0BS3HMT8C B0C3LNZ8TY | D90: ="www.amazon.com/dp/"&B90 -> www.amazon.com/dp/B0BS6NK97M | E90: PJ PAUL JONES Men's Lightweight Sport Coat Casual Blazer Two Button Suit Jacket Regular Fit Sportcoat Machine Washable | F90: 1045694 | G90: PJ PAUL JONES | H90: 3454 | I90: 1.0425784 | J90: 177427 | K90: 1.0058448 | L90: 45953 | M90: 1.0783808 | N90: 45.76 | O90: 103 | P90: 3.8
A91: =_xlfn.XLOOKUP(B91,[1]组件!$A:$A,[1]组件!$D:$D) -> #N/A | B91: B0B7HL7TT9 | C91: B0B7HMFPYW B0B7HLMKBT B0B7HMP67L B0B7HMD95R B0B7HLV38K B0B7HMSMQ7 B0B7HM4SHS B0B7HMG75R B0BHRV9Y4P B0BHRWNSQ5 | D91: ="www.amazon.com/dp/"&B91 -> www.amazon.com/dp/B0B7HL7TT9 | E91: PJ PAUL JONES Mens Velvet Blazer Two Button Solid Slim Fit Blazer Sport Coat for Dinner Prom Wedding | F91: 1045694 | G91: PJ PAUL JONES | H91: 3431 | I91: 1.041047 | J91: 217473 | K91: 1.0173935 | L91: 51163 | M91: 0.99287189 | N91: 64.36 | O91: 179 | P91: 4.4 | R91: 37 | S91: Clothing, Shoes & Jewelry > Men > Clothing > Suits & Sport Coats > Sport Coats & Blazers
A92: =_xlfn.XLOOKUP(B92,[1]组件!$A:$A,[1]组件!$D:$D) -> #N/A | B92: B0CRDS2KH2 | C92: B0BQVRH93S B0BQW2219L B0BQVLJXR6 B0BQVVCGSD B0BQVQYW4Q B0BQVS8F2K B0BQVS23KF B0BQVS6FFB B0BQVRFGTZ B0BQVTNK36 | E92: Mens Blazer Sports Coat Slim Fit 2 Button Solid Men's Casual Suit Blazer Jackets | F92: 1045694 | G92: Lynerun | H92: 3366 | J92: 163537 | L92: 48974 | N92: 48.88 | O92: 116 | P92: 3.9 | R92: 51 | S92: Clothing, Shoes & Jewelry > Men > Clothing > Suits & Sport Coats > Sport Coats & Blazers
A93: =_xlfn.XLOOKUP(B93,[1]组件!$A:$A,[1]组件!$D:$D) -> #N/A | B93: B0CGF28HNF | C93: B0CDQ7VT2D B0CDQ6WLT6 B0CDQ7WFV2 B0CDQ73LB6 B0CDQ94QBY B0CDQ7749Y B0CHPFQXYX B0CDQ84CNH B0CDQ8D27P B0CDQ94Y73 | E93: J.VER Mens Casual Blazer Sport Coat One Button Business Stylish Suit Jacket | F93: 1045694 | G93: J.Ver | H93: 3365 | J93: 152074 | L93: 38313 | M93: 149.24706 | N93: 42.96 | O93: 94 | P93: 4.3
A94: =_xlfn.XLOOKUP(B94,[1]组件!$A:$A,[1]组件!$D:$D) -> #N/A | B94: B0CKTD4M6S | C94: B0CJ57H2DS B0CJ58ZFHM B0CJ583QJW B0CJ9C4D62 B0CJ58MN89 B0CJ57X6XS B0CJ59Y5ZD B0CJ56SQZC B0CJ566QBL B0CJ58VLPZ | D94: ="amazon.com/dp/"&B94 -> amazon.com/dp/B0CKTD4M6S | E94: COOFANDY Men's Casual Blazer Jacket Regular Fit Lightweight Two Button Herringbone Sport Coat | F94: 1045694 | G94: COOFANDY | H94: 3346 | J94: 160045 | L94: 49185 | N94: 49.78 | O94: 73 | P94: 3.5
A95: =_xlfn.XLOOKUP(B95,[1]组件!$A:$A,[1]组件!$D:$D) -> #N/A | B95: B0C8S93VS7 | C95: B0BM96GQVF B0BM94R1C4 B0BM96CZK5 B0BZ43BTBX B0BQBLYVXR B0C85NWTHB B0BM96885D B0BM96D2PG B0C85MTNTP B0CXPBPXX1 | E95: Men's Suit Blazer Casual Coats Lightweight Party Jackets Groomsmen Sports Coat Two Button Tuxedo Suits | F95: 1045694 | G95: Datysum | H95: 3334 | I95: 7.4191919 | J95: 154405 | K95: 7.6593573 | L95: 35481 | M95: 11.375654 | N95: 47.84 | O95: 99 | P95: 4.1
A96: =_xlfn.XLOOKUP(B96,[1]组件!$A:$A,[1]组件!$D:$D) -> #N/A | B96: B0BDDLXBX3 | C96: B0BLMRQGK3 B0BDD98SR3 B0BDCRS4C6 B0BDD94C4B B0BP1FC23L B0BYJ4SW46 B0BTCPKLD5 B0BDCTY43X B0BDD8Y8DK B0BDD7J583 | D96: ="amazon.com/dp/"&B96 -> amazon.com/dp/B0BDDLXBX3 | E96: COOFANDY Men's Linen Cotton Casual Suits Blazer Jackets Lightweight Sports Coats | F96: 1045694 | G96: COOFANDY | H96: 3293 | I96: -0.55337041 | J96: 160797 | K96: -0.55940113 | L96: 57767 | M96: -0.58088529 | N96: 48.01 | P96: 2.8
A97: =_xlfn.XLOOKUP(B97,[1]组件!$A:$A,[1]组件!$D:$D) -> #N/A | B97: B0CL2K9B7V | C97: B0CL2K9B7V | D97: ="www.amazon.com/dp/"&B97 -> www.amazon.com/dp/B0CL2K9B7V | E97: PJ PAUL JONES Men's Casual Blazer Slim Fit Suit Jackets Two Button Sport Coats | F97: 1045694 | G97: PJ PAUL JONES | H97: 3213 | J97: 162020 | L97: 56785 | N97: 53.51 | O97: 75 | P97: 4.1
A98: =_xlfn.XLOOKUP(B98,[1]组件!$A:$A,[1]组件!$D:$D) -> #N/A | B98: B07GF8T2SY | C98: B07G5Z8X39 B09PTCLQTZ B07G5J4RND B07G5V9KW6 B07G5TY4YD B09PTMNCZJ B07G5J9KM3 B07G5SW5YF B07G5YKYBT B09PTNVFVP | E98: Haggar Men's The Active Series Classic Fit Gabardine Blazer | F98: 1045694 | G98: Haggar | H98: 3182 | I98: -0.20806371 | J98: 340732 | K98: -0.2246293 | L98: 43290 | M98: -0.49457683 | N98: 104.22 | O98: 277 | P98: 4.4
A99: =_xlfn.XLOOKUP(B99,[1]组件!$A:$A,[1]组件!$D:$D) -> #N/A | B99: B0D4LRX4CR | C99: B0D4LGXKW8 B0D4L6RPD3 B0D4LJGD11 B0D4LCLV6Q B0D4LPFY62 B0D4L8T5Q4 B0D4LM6WK7 B0D4LLPF9M B0D4LLL121 B0D4LMTGQK | D99: ="amazon.com/dp/"&B99 -> amazon.com/dp/B0D4LRX4CR | E99: COOFANDY Men's Casual Blazer One Button Sport Coat Slim Fit Lightweight Suit Blazer Jacket | F99: 1045694 | G99: COOFANDY | H99: 3146 | J99: 149993 | L99: 60414 | N99: 47.42 | O99: 58 | P99: 4.2 | R99: 18 | S99: Clothing, Shoes & Jewelry > Men > Clothing > Suits & Sport Coats > Sport Coats & Blazers
A100: =_xlfn.XLOOKUP(B100,[1]组件!$A:$A,[1]组件!$D:$D) -> #N/A | B100: B0B585L9GX | C100: B0B1VF159X B0B1VG8QS1 B0B1VDRSZ8 B0B1VG2GXR B0B1VC4XLC B0B1VCX5VT B0B1VFB4H6 B0B1VF921L B0B1VDVY8Q B0B1VDQDTW | E100: Men's Casual Slim Fit Suit Blazer Jacket One Button Lightweight Sport Coats Formal Dress Daily Business Suit Jacket | F100: 1045694 | G100: KUDMOL | H100: 3145 | I100: -0.2646715 | J100: 138191 | K100: -0.25765625 | L100: 42938 | M100: 0.19278849 | N100: 43.59 | O100: 175 | P100: 4
...

Sheet 夹克-市场年销量TOP100定价
A1: 夹克市场颗粒度大，其中包含很多细分品类，因此价格差异大。 coofandy的价位在这100个畅销款中在中下位置，相对便宜。 价格段$27-$45.6。 | K1: Asin | L1: Variations | M1: Product | N1: Category | O1: Brand | P1: Units Sold | Q1: Units Sold - Change | R1: Revenue | S1: Revenue - Change | T1: Product Views | U1: Views - Change | V1: Avg. Listing Price | W1: Reviews | X1: Rating | Y1: Badges | Z1: Best Seller Rank | AA1: Best Seller Category | AB1: Amazons Choice Keyword | AC1: Prime | AD1: Climate Pledge Friendly | AE1: Amazon brand | AF1: Amazon Exclusive | AG1: Small Business
A2: Brand | B2: 求和项:Units Sold | C2: 平均值项:Avg. Listing Price | D2: 最小值项:Avg. Listing Price | E2: 最大值项:Avg. Listing Price | K2: B095HF44HC | L2: B095HF44HC | M2: Hagon PRO Disposable Rain Ponchos for Adults (5 Pack) | N2: 2476604011 | O2: Hagon PRO | P2: 250165 | Q2: 1.3134722 | R2: 3063717 | S2: 1.2467956 | T2: 1525204 | U2: 0.5917204 | V2: 12.29 | X2: 4.4
A3: Amazon Essentials | B3: 620329 | C3: 22.7875 | D3: 8.78 | E3: 42.34 | K3: B0738J92CM | L3: B073G9YNBR B0738H6TFC B073GGQ2VN B073GCH3WK B0738KW646 B0738GM37C B0738HBW7N B079LNQMC1 B0738G223R B085Z1YNDW | M3: Amazon Essentials Men's Full-Zip Fleece Jacket (Available in Big & Tall) | N3: 2476496011 | O3: Amazon Essentials | P3: 228939 | Q3: 0.1260255 | R3: 3536207 | S3: -0.051337198 | T3: 3897678 | U3: 0.043621242 | V3: 15.05 | W3: 13643 | X3: 4.5 | AC3: TRUE
A4: Columbia | B4: 491383 | C4: 52.59875 | D4: 29.08 | E4: 82.9 | K4: B01L0KQ1WO | L4: B01L0KX334 B01L0KWZ1A | M4: Wrangler Authentics Men's Long Sleeve Fleece Quarter-Zip | N4: 2476496011 | O4: Wrangler | P4: 163695 | Q4: 0.067341736 | R4: 4199675 | S4: 0.086845972 | T4: 1478779 | U4: -0.2516721 | V4: 25.68 | W4: 24444 | X4: 4.5
A5: Hagon PRO | B5: 275291 | C5: 11.96 | D5: 11.63 | E5: 12.29 | K5: B09LLL3RF3 | L5: B09LLW2Q4R B09LLRLNSK B09LLPGMW8 B09LLHRW4X B09LLQ8W6M B09LLHQKN3 B0C6XBWPQH B0BW43BR9B B09LM5GWDG B09LLVW8Q8 | M5: PTEROMY Hooded Rain Poncho for Adult with Pocket, Waterproof Lightweight Unisex Raincoat for Hiking Camping Emergency | N5: 2476604011 | O5: PTEROMY | P5: 157856 | Q5: 0.86388325 | R5: 2848505 | S5: 0.90475315 | T5: 1590767 | U5: 1.012274 | V5: 18.18 | W5: 7353 | X5: 4.6 | Z5: 1 | AA5: Clothing, Shoes & Jewelry > Men > Clothing > Jackets & Coats > Trench & Rain | AC5: TRUE
A6: Wrangler | B6: 236632 | C6: 27.51 | D6: 25.68 | E6: 29.34 | K6: B0C8KPCKYM | L6: B006WHHX5U B006WHHX46 B01HMZLMNY B01HMZLLHQ B01HMZLNNS B006WHHX50 B006WHI02K B01HMZMP6M B00LHJMT1G B07L48RB2K | M6: Columbia Men's Glennaker Rain Jacket | N6: 2476604011 | O6: Columbia | P6: 125368 | Q6: 116.71643 | R6: 5056449 | S6: 111.62081 | T6: 3228908 | U6: 196.46257 | V6: 43.4 | W6: 3434 | X6: 4.6 | AC6: TRUE
A7: COOFANDY | B7: 217903 | C7: 34.683333 | D7: 27.05 | E7: 45.57 | K7: B09WJHL6JM | L7: B0076R6LGM B0076R6L58 B00Q7B3ADK B0076R6MN4 B0076R6MVQ B00Q7B3CLU B0084AWSRQ B0084AWSW6 B0076R6MFM B00Q7B3GPM | M7: Columbia Men's Steens Mountain 2.0 Full Zip Fleece Jacket | N7: 2476496011 | O7: Columbia | P7: 125161 | Q7: 3.0798292 | R7: 4470455 | S7: 2.7334434 | T7: 3133896 | U7: 3.700757 | V7: 36.34 | W7: 724 | X7: 4.5 | Z7: 1 | AA7: Clothing, Shoes & Jewelry > Men > Clothing > Jackets & Coats > Active & Performance | AC7: TRUE
A8: PTEROMY | B8: 176786 | C8: 18.525 | D8: 18.18 | E8: 18.87 | K8: B07KW77JZ3 | L8: B07KW6Z47F B095NYS5BW B084H9BTWS B07KW6STT8 B07TPHRNNC B089SZMNX2 B07X1RG4YR B09KRNR6L9 B085VD4FF1 B08J6HGMW1 | M8: COOFANDY Men's Packable Rain Jacket Outdoor Waterproof Hooded Lightweight Classic Cycling Raincoat | N8: 2476604011 | O8: COOFANDY | P8: 111263 | Q8: 1.4910556 | R8: 3006152 | S8: 1.3507711 | T8: 1647881 | U8: 1.5146318 | V8: 27.05 | W8: 4280 | X8: 4.3 | Z8: 1 | AA8: Clothing, Shoes & Jewelry > Men > Shops > Big & Tall > Outerwear & Coats | AC8: TRUE
A9: SaphiRose | B9: 146643 | C9: 21.146667 | D9: 13.74 | E9: 28.5 | K9: B09K8PBQYX | L9: B07DH5CCMN B08YYL9DMS B09QZR1ZRC B09Y8XW2N8 B07T83MR5B B09QZRYV3S B0BJKS3S1K | M9: Cosowe Rain Ponchos for Adults Reusable, 2 Pcs Raincoats Emergency for Women Men with Hood and Drawstring | N9: 2476604011 | O9: Cosowe | P9: 108472 | Q9: 0.17586098 | R9: 1394835 | S9: 0.27018652 | T9: 784785 | U9: 0.29813514 | V9: 12.97 | W9: 4939 | X9: 4.4 | Z9: 6 | AA9: Clothing, Shoes & Jewelry > Men > Clothing > Jackets & Coats > Trench & Rain | AC9: TRUE
A10: Carhartt | B10: 130454 | C10: 94.33 | D10: 80.25 | E10: 103.53 | K10: B0BX3ZVL2V | L10: B0B62HGK2H B0B62J62J1 B0B62JLH7H B0B62HNYYR B0B62J98HG B0B62JR1VF B0CKMGLKBL B0CKMGHJT6 B0CPXNSHWJ B0CPXNFM5D | M10: SaphiRose Hooded Rain Poncho Waterproof Raincoat Jacket for Men Women Adults | N10: 2476604011 | O10: SaphiRose | P10: 99794 | R10: 1311144 | T10: 691766 | V10: 13.74 | W10: 2095 | X10: 4.6 | Z10: 10 | AA10: Clothing, Shoes & Jewelry > Men > Clothing > Jackets & Coats > Trench & Rain | AC10: TRUE
A11: Legendary Whitetails | B11: 128215 | C11: 71.85 | D11: 67.93 | E11: 75.77 | K11: B0BB1F7XYR | L11: B07539S9G3 B09WHLXYS6 B078MPMF6G B083F9XZHD B094QMN1ZC B0BBGT6Y7B B07TWDDVR1 B0BBGVBTH9 B0BBGRX8T9 B0753CYCL7 | M11: Anyoo Waterproof Rain Poncho Lightweight Reusable Hiking Hooded Coat Jacket for Outdoor Activities | N11: 2476604011 | O11: ANYOO | P11: 89355 | Q11: 1.3500868 | R11: 1383704 | S11: 1.1702846 | T11: 797150 | U11: 1.0665474 | V11: 15.51 | W11: 20352 | X11: 4.6 | Z11: 11 | AA11: Clothing, Shoes & Jewelry > Men > Clothing > Jackets & Coats > Trench & Rain | AC11: TRUE
A12: Outdoor Ventures | B12: 122418 | C12: 41.215 | D12: 33.51 | E12: 53.62 | K12: B0CK2PCJT4 | L12: B075ZJLCMR B075ZGJPMF B075ZG29D6 B075ZLYW8G B075ZGNCKC B014JP31SY B075ZD9L6X B07XYQHPD8 B075ZJ7BZV B08P3Z7BWJ | M12: Legendary Whitetails Men's Maplewood Hooded Shirt Jacket | N12: 7132366011 | O12: Legendary Whitetails | P12: 75240 | R12: 5200309 | T12: 1314746 | V12: 67.93 | W12: 13642 | X12: 4.6 | Z12: 31 | AA12: Clothing, Shoes & Jewelry > Men > Clothing > Jackets & Coats > Lightweight Jackets > Cotton | AC12: TRUE
A13: Cosowe | B13: 108472 | C13: 12.97 | D13: 12.97 | E13: 12.97 | K13: B09J22Q1JM | L13: B09J22Q1JM B00XH7I3K2 B00XH7HVLE B00XH7HVQY B00XH7I33E B073JQ4KVF B00XH7I3BQ B073JTH17L B00XH7I3XY B073JQV6TL | M13: Wrangler Authentics Men's Long Sleeve Sherpa Lined Shirt Jacket | N13: 2476495011 | O13: Wrangler | P13: 72937 | Q13: -0.45503926 | R13: 2138057 | S13: -0.45019117 | T13: 733413 | U13: -0.54771593 | V13: 29.34 | W13: 26427 | X13: 4.7
A14: ORORO | B14: 102749 | C14: 134.05333 | D14: 128.24 | E14: 143.53 | K14: B0CM13KV1C | L14: B079LKQ52C B079LT79M5 B079LPNXHF B079LLB7NV B079M1MW5N B09QJJTF16 B085YVGLX5 B09QJKGBG9 B08SX5BLNP B079LS5D8J | M14: Amazon Essentials Men's Full-Zip Polar Fleece Vest (Available in Big & Tall) | N14: 2562597011 | O14: Amazon Essentials | P14: 68335 | R14: 1078580 | T14: 1009027 | V14: 12.46 | W14: 12793 | X14: 4.5
A15: ANYOO | B15: 89355 | C15: 15.51 | D15: 15.51 | E15: 15.51 | K15: B08FBDSNFH | L15: B08F9P3C54 B08F9W2M7S B08F9SYXN3 B08F9VHBLV B08FB4TQBB B08F9Z9LH4 B08F9ZDT7M B08F9MZHS8 B09CPLW4L3 B08M9QB2F6 | M15: OTU Men's Lightweight Waterproof Hooded Rain Jacket Outdoor Raincoat Shell Jacket for Hiking Travel | N15: 2476604011 | O15: OTU | P15: 60989 | Q15: -0.081145009 | R15: 2244578 | S15: -0.036304863 | T15: 1029213 | U15: 0.26282254 | V15: 37.03 | W15: 13751 | X15: 4.5 | Z15: 1 | AA15: Clothing, Shoes & Jewelry > Men > Clothing > Jackets & Coats > Active & Performance > Shells | AC15: TRUE
A16: Levi's | B16: 89085 | C16: 52.855 | D16: 51.86 | E16: 53.85 | K16: B0B4NMTY5Q | L16: B0B4NKRWWL B0B4NJR5BV B0B4NSFV3Y B0B4NKSK4T B0B4NKKYVC B0B4NLXDP8 B0B4NMHVBL B0B4NKGKZP B0BHKNYX37 B0BHJN1C8M | M16: Derbars Men's Cotton Plaid Shirts Jacket Fleece Lined Flannel Shirts Sherpa Button Down Jackets with Hood for Men | N16: 2476496011 | O16: Derbars | P16: 60796 | Q16: 0.17906251 | R16: 2185693 | S16: 0.17511071 | T16: 819954 | U16: 0.32933969 | V16: 34.88 | W16: 2989 | X16: 4.5 | Z16: 13 | AA16: Clothing, Shoes & Jewelry > Men > Clothing > Jackets & Coats > Active & Performance | AC16: TRUE
A17: ZENTHACE | B17: 67995 | C17: 35.79 | D17: 35.41 | E17: 36.17 | K17: B083Z5R2RS | L17: B0B4F337W9 B0B4DZSCWW B0B4F2PY96 B0B4F2PZJP B0B4F3HZ6Z B0B4F2K8MZ B0B4DZ55SV B0B4F15NFW B0B4F49SKT B0B4F1XCV4 | M17: Carhartt Men's Loose Fit Washed Duck Sherpa-Lined Mock-Neck Vest | N17: 2562597011 | O17: Carhartt | P17: 59307 | Q17: 0.62743538 | R17: 4803985 | S17: 0.61322642 | T17: 714478 | U17: 0.32892515 | V17: 80.25 | W17: 6692 | X17: 4.7
A18: TACVASEN | B18: 62239 | C18: 42.345 | D18: 37.91 | E18: 46.78 | K18: B0CKDNT2V6 | L18: B078GMT64C B078GLSLBN B078GPYT9H B078GLS5NW B078GLLX3W B07DGQ9J67 B07DGSQ6D3 B078GP4PFR B07VRF3J36 B078H8B7N3 | M18: Champion Men's Jacket, Stadium Packable Wind and Water Resistant Jacket (Reg. Or Big & Tall) | N18: 7132372011 | O18: Champion | P18: 58951 | R18: 1373012 | T18: 715907 | V18: 25.15 | W18: 9925 | X18: 4.6 | Z18: 1 | AA18: Clothing, Shoes & Jewelry > Men > Clothing > Jackets & Coats > Down & Down Alternative | AC18: TRUE
A19: OTU | B19: 60989 | C19: 37.03 | D19: 37.03 | E19: 37.03 | K19: B0BHVSXL7D | L19: B019DYG83G B019DYG82W B019DYG9CG B019DYG4S0 B019DYG4P8 B019DYG4N0 B019DYGL6A B019DYG82M B019DYG4M6 B019DYGL60 | M19: Columbia Men's Steens Mountain Vest | N19: 2562597011 | O19: Columbia | P19: 58846 | Q19: 0.014901176 | R19: 1745998 | S19: -0.061395855 | T19: 883313 | U19: 0.051415396 | V19: 29.08 | W19: 18 | X19: 4.4 | Z19: 1 | AA19: Clothing, Shoes & Jewelry > Men > Clothing > Jackets & Coats > Vests | AC19: TRUE
A20: Derbars | B20: 60796 | C20: 34.88 | D20: 34.88 | E20: 34.88 | K20: B0C9V2VL33 | L20: B07P2JFZ34 B07NZ8B54K B07P3N8C1C B07P2JG113 B085YVKCNN B085YVSLDK B07P1DKBVK B07P3N4R36 B07NYB2PD3 B07P4NTMWD | M20: Amazon Essentials Men's Quarter-Zip Polar Fleece Jacket | N20: 2476496011 | O20: Amazon Essentials | P20: 55494 | Q20: 16.080332 | R20: 973850 | S20: 16.377146 | T20: 810298 | U20: 17.786905 | V20: 16.15 | W20: 6363 | X20: 4.5
A21: Champion | B21: 58951 | C21: 25.15 | D21: 25.15 | E21: 25.15 | K21: B088YDVJH8 | L21: B089VZPB2K B0814B6V66 B089W33ZMS B089VYYYKY B00GTW3RA8 B0814BJKZX B00GTW3PSW B0814B8VHQ B0B1PFY7SW B0B1QNXKYZ | M21: Columbia Men's Watertight II Rain Jacket | N21: 2476604011 | O21: Columbia | P21: 54227 | Q21: 319.86982 | R21: 3148517 | S21: 209.53273 | T21: 1169680 | U21: 860.32548 | V21: 67.56 | W21: 1669 | X21: 4.7 | Z21: 63 | AA21: Sports & Outdoors > Outdoor Recreation > Camping & Hiking > Clothing > Men > Jackets > Waterproof Jackets | AC21: TRUE
A22: COOY | B22: 48182 | C22: 12.59 | D22: 12.59 | E22: 12.59 | K22: B0CKFLQT7N | L22: B013KW3FH4 B00EUHCUIO B013KW38RQ B00EUHD56A B013KW39CU B00EUHD006 B00EUHD23Q B00EUHCMRS B07XG6VQVT B013KW3APG | M22: Legendary Whitetails Men's Journeyman Shirt Jacket, Flannel Lined Shacket for Men, Water-Resistant Coat Rugged Fall Clothing | N22: 7132374011 | O22: Legendary Whitetails | P22: 52975 | R22: 3977630 | T22: 1317045 | V22: 75.77 | W22: 18408 | X22: 4.4 | Z22: 17 | AA22: Clothing, Shoes & Jewelry > Men > Clothing > Jackets & Coats > Lightweight Jackets | AC22: TRUE
A23: URBANFIND | B23: 45562 | C23: 34.12 | D23: 34.12 | E23: 34.12 | K23: B0C2ZPLQ2C | L23: B00HQ4KSGE B00HQ4KS3W B00HQ4KSMI B00HQ4KSUU B00KIDCXU4 B00KIDCXNQ B00HQ4KRWY B00KIDCZ8E B00HQ4KUUS B00L3XLVBK | M23: Columbia Men's Ascender Softshell Front-zip Jacket | N23: 7132367011 | O23: Columbia | P23: 52918 | Q23: 6.6726113 | R23: 3595198 | S23: 6.8795579 | T23: 1401817 | U23: 7.9121952 | V23: 64.22 | W23: 125 | X23: 4.5 | AC23: TRUE
A24: Venustas | B24: 44415 | C24: 124.75 | D24: 111.54 | E24: 137.96 | K24: B0CNZSXQMD | L24: B01H50RF4Q B01H50RG8G B01H50RDLQ B01H50RCY4 B07SN1YB6D B07SHRWJ4X B08L884JKB B08L7VRDZ4 B08L8753NK B09GLW5G8L | M24: ORORO Men's Lightweight Heated Vest with Battery Pack | N24: 2562597011 | O24: ORORO | P24: 52904 | R24: 6736529 | T24: 406283 | V24: 130.39 | W24: 10486 | X24: 4.6 | Z24: 11 | AA24: Sports & Outdoors > Clothing > Men > Outerwear > Sweaters & Vests | AC24: TRUE
A25: Signature by Levi Strauss & Co. Gold | B25: 42718 | C25: 37.96 | D25: 37.96 | E25: 37.96 | K25: B0CQ7RS2PS | L25: B000FXXYG4 B07D937XQG | M25: Carhartt Men's Loose Fit Firm Duck Insulated Flannel-Lined Active Jacket | N25: 7132366011 | O25: Carhartt | P25: 51627 | R25: 5592823 | T25: 512396 | V25: 103.53 | W25: 22432 | X25: 4.7
A26: Srivb | B26: 42603 | C26: 59.79 | D26: 59.42 | E26: 60.16 | K26: B0C7261XXL | L26: B077TCHNW8 B076WXF1LV B076WWR8SB B077TDS2G6 B077TH4NG9 B076WYDPXK B08P537QSN B01ETP2O6Y B08P54B4Q7 B01ETP2O50 | M26: Levi's Men's Trucker Jacket (Also Available in Big & Tall) | N26: 2476495011 | O26: Levi's | P26: 49239 | Q26: 4.7941869 | R26: 2531448 | S26: 4.1436827 | T26: 1150349 | U26: 5.1650169 | V26: 51.86 | W26: 18949 | X26: 4.6 | Z26: 2 | AA26: Clothing, Shoes & Jewelry > Men > Clothing > Jackets & Coats > Lightweight Jackets > Denim | AC26: TRUE
A27: DEWBU | B27: 39771 | C27: 143.59 | D27: 143.59 | E27: 143.59 | K27: B07V7VD6VK | L27: B07SR5SH2M B07TDK396X B07V5SLWQX B07V6SGTKC B07V6T7VY7 B07V4PW4KT B0CKYJLL9X B07V5SLGNY | M27: COOY Rain Coats (2 Pack) - Reusable EVA Rain Ponchos for Adults Rain Jackets Raincoats for Men Women | N27: 2476604011 | O27: COOY | P27: 48182 | Q27: 2.8221482 | R27: 603762 | S27: 2.6875466 | T27: 338754 | U27: 3.5204569 | V27: 12.59 | W27: 90 | X27: 4.2 | Z27: 13 | AA27: Clothing, Shoes & Jewelry > Men > Clothing > Jackets & Coats > Trench & Rain | AC27: TRUE
A28: Under Armour | B28: 38444 | C28: 34.8 | D28: 34.8 | E28: 34.8 | K28: B074MY3BJL | L28: B06XKS972D B06XK97JQP B07NZMXP79 B06XK9C3C1 B07P1RCJB2 B099Z561T2 B099ZF9TKS B06XNK1DCH B06XKTR8P9 B06XKYKPZT | M28: URBANFIND Men's Slim Fit Lightweight Sportswear Jacket Casual Bomber Jacket | N28: 7132372011 | O28: URBANFIND | P28: 45562 | Q28: -0.39906091 | R28: 1585327 | S28: -0.42704954 | T28: 687672 | U28: -0.44792484 | V28: 34.12 | W28: 8626 | X28: 4.5 | Z28: 29 | AA28: Clothing, Shoes & Jewelry > Men > Clothing > Jackets & Coats > Lightweight Jackets | AC28: TRUE
A29: LONDON FOG | B29: 37194 | C29: 44.12 | D29: 44.12 | E29: 44.12 | K29: B09LKNT3H7 | L29: B085YV9D7R B085YVPS76 B085YVT4LF B085YVT4MZ B085YVRZ3H B085YVLXX4 B085YVNZ17 B085YVT4MJ B085YVZN7F B085YVD295 | M29: Amazon Essentials Men's Long-Sleeve Polar Fleece Shirt Jacket | N29: 2476496011 | O29: Amazon Essentials | P29: 44720 | Q29: -0.28235577 | R29: 1030271 | S29: -0.22265874 | T29: 868831 | U29: -0.18524051 | V29: 19.43 | W29: 5961 | X29: 4.5
A30: TEZO | B30: 32552 | C30: 38.73 | D30: 38.73 | E30: 38.73 | K30: B0B49K9RK4 | L30: B07VGQTMYD B07VBD88BB B07VBD87YB B07VQHGCVY B07VMDZ1DZ B07VMDZC7F B07VFMQ59K B07VHLRSPG B0B3X32X9W B07VPH7GTM | M30: TACVASEN Men's Bomber Jacket Lightweight Casual Spring Fall Windbreaker Zip Up Coat with Pocket | N30: 7132372011 | O30: TACVASEN | P30: 42770 | Q30: 2.1294359 | R30: 1632708 | S30: 2.3186201 | T30: 834570 | U30: 2.143082 | V30: 37.91 | W30: 6645 | X30: 4.4 | Z30: 1 | AA30: Clothing, Shoes & Jewelry > Men > Clothing > Jackets & Coats > Lightweight Jackets | AC30: TRUE
A31: ANTVEE | B31: 32168 | C31: 13.94 | D31: 13.94 | E31: 13.94 | K31: B088XZH4GT | L31: B07XLNTK57 B07PX3Y37Z B07XTZLGVZ B07XTZY32R B07Q1K4HXL B07PX3XFHF B07D1M9DWG B07XTYMRPW B07Q2WTK7B B09JYSQMZS | M31: Signature by Levi Strauss & Co. Gold Label Men's Signature Trucker Jacket | N31: 2476495011 | O31: Signature by Levi Strauss & Co. Gold | P31: 42718 | Q31: -0.10261958 | R31: 1645449 | S31: -0.089232518 | T31: 622323 | U31: -0.23171707 | V31: 37.96 | W31: 12305 | X31: 4.6 | Z31: 1 | AA31: Clothing, Shoes & Jewelry > Men > Clothing > Jackets & Coats > Lightweight Jackets > Denim | AC31: TRUE
A32: TBMPOY | B32: 29707 | C32: 35.3 | D32: 35.3 | E32: 35.3 | K32: B0CMFWCHTD | L32: B08P53TKVD B072MFYGSS B08P52ZKNH B072JV2MPW B077T7YCLH B071JML8P2 B077TCDV6D B077TC99HF B08P53R4DX B08P53CYZH | M32: Levi's Men's Sherpa Trucker Jacket (Also Available in Big & Tall) | N32: 2476495011 | O32: Levi's | P32: 39846 | R32: 2146257 | T32: 1067657 | V32: 53.85 | W32: 17737 | X32: 4.7 | Z32: 20 | AA32: Clothing, Shoes & Jewelry > Men > Clothing > Jackets & Coats > Lightweight Jackets | AC32: TRUE
A33: HOOD CREW | B33: 28788 | C33: 53.35 | D33: 53.35 | E33: 53.35 | K33: B0935RTT2L | L33: B0935RTT2L B07KXJCXFZ | M33: DEWBU Heated Jacket for Men with 12V Battery Pack Winter Outdoor Soft Shell Electric Heating Coat | N33: 7132367011 | O33: DEWBU | P33: 39771 | Q33: -0.5204153 | R33: 5343926 | S33: -0.56358501 | T33: 352154 | U33: -0.70605798 | V33: 143.59 | W33: 6452 | X33: 4.4
A34: ALBRY | B34: 28012 | C34: 9.6 | D34: 9.6 | E34: 9.6 | K34: B09JNSP9F5 | L34: B09JNL4HG5 B09JNKLTF6 B09JNKWGR5 B09JNKS138 B09JNKGQNT B09JNJMKD9 B09JNH9RH6 B09JNKG5PC B09JNKJGZB B09JNKM6J9 | M34: Under Armour Men's Armourfleece 1/4 Zip | N34: 2476496011 | O34: Under Armour | P34: 38444 | Q34: 0.98913437 | R34: 1413325 | S34: 1.249221 | T34: 440138 | U34: 0.46541701 | V34: 34.8 | W34: 869 | X34: 4.6 | Z34: 28 | AA34: Clothing, Shoes & Jewelry > Men > Clothing > Jackets & Coats > Fleece | AC34: TRUE
A35: MACHLAB | B35: 27828 | C35: 41.75 | D35: 41.75 | E35: 41.75 | K35: B0CRVCYZMS | L35: B07ZF5VCGH B07ZFHW4P1 B07ZFJ1XRJ B07ZFJ62XN B07ZFJ4DS4 B0BZ7YCR48 B0BZ7Y9HH4 B0BM3W1SPV B0B3N9NBN3 B0BM37BKVV | M35: Outdoor Ventures Men's Rain Jacket Waterproof Lightweight Packable Rain Shell Raincoat with Hood for Golf Hiking Travel | N35: 2476604011 | O35: Outdoor Ventures | P35: 38061 | R35: 1355370 | T35: 609294 | V35: 35.62 | W35: 966 | X35: 4.5 | Z35: 10 | AA35: Sports & Outdoors > Outdoor Recreation > Outdoor Clothing > Men > Jackets & Coats > Raincoats & Jackets | AC35: TRUE
A36: ZITY | B36: 27000 | C36: 39.97 | D36: 39.97 | E36: 39.97 | K36: B07TYX35GG | L36: B083SCB5ZG B07TTNTK17 B083SD6XTM B08PT8HJVH B083SC7XHN B083SB84ZJ B0B97C943X B08PT9KGY2 B08PT8QS48 B07TZ13G17 | M36: ZENTHACE Men's Warm Sherpa Lined Fleece Plaid Flannel Shirt Jacket(All Sherpa Fleece Lined) | N36: 2476496011 | O36: ZENTHACE | P36: 37934 | Q36: 0.05410287 | R36: 1400958 | S36: 0.0064252227 | T36: 461394 | U36: 0.20416216 | V36: 35.41 | W36: 7209 | X36: 4.6 | Z36: 18 | AA36: Clothing, Shoes & Jewelry > Men > Clothing > Jackets & Coats > Active & Performance | AC36: TRUE
A37: Gary Com | B37: 26900 | C37: 37.96 | D37: 37.96 | E37: 37.96 | K37: B08224J2ZG | L37: B005EVQ4AA B005EVQ49G B005EVQ3EW B005EVQ48W B003DTLU9K B005EVQ3DS B005EVQ3CY B005EVQ4BY B005EVQ4A0 B005EVQ3EC | M37: London Fog Men's Auburn Zip-Front Golf Jacket (Regular & Big-Tall Sizes) | N37: 7132374011 | O37: LONDON FOG | P37: 37194 | Q37: -0.1159441 | R37: 1629077 | S37: 0.064222011 | T37: 695605 | U37: -0.13963726 | V37: 44.12 | W37: 13435 | X37: 4.5 | Z37: 10 | AA37: Clothing, Shoes & Jewelry > Men > Clothing > Jackets & Coats > Lightweight Jackets > Cotton | AC37: TRUE
A38: Dickies | B38: 26842 | C38: 60.12 | D38: 60.12 | E38: 60.12 | K38: B0D1YMGG9F | L38: B073GBHPRH B073G9N87Y B0738GM37J B0738HBW7G B0738G3VBG B07P1DKK1V B073GB8RWM B07NZ8B9CC B07P3N4R3P B073GB8RWQ | M38: Amazon Essentials Men's Full-Zip Fleece Jacket - Discontinued Colors | N38: 2476496011 | O38: Amazon Essentials | P38: 35005 | R38: 315456 | T38: 431816 | V38: 8.78 | W38: 13643 | X38: 4.5 | Z38: 48 | AA38: Clothing, Shoes & Jewelry > Men > Clothing > Jackets & Coats > Fleece | AC38: TRUE
A39: MAGNIVIT | B39: 26062 | C39: 44.73 | D39: 44.73 | E39: 44.73 | K39: B0CQ7RTZ5B | L39: B07BN4C7XP B07BN72SZ5 B07BN78SN2 B07BN69F9L B07BN78SNF B07BN7GC7Y B07C8Z5TGC B07C8YYFMV B07BN7G9GD B07BN7GC8Q | M39: Amazon Essentials Men's Lightweight Water-Resistant Packable Hooded Puffer Jacket | N39: 2476602011 | O39: Amazon Essentials | P39: 33028 | R39: 1222006 | T39: 572834 | V39: 38.48 | W39: 11355 | X39: 4.5 | Z39: 46 | AA39: Clothing, Shoes & Jewelry > Men > Clothing > Jackets & Coats > Active & Performance | AC39: TRUE
A40: DOACE | B40: 25982 | C40: 50.7 | D40: 50.7 | E40: 50.7 | K40: B09BD894V9 | L40: B07XBLV99D B08136C47G B08DCS47RR B09Z7QP5BF B0C6JNFTY7 B0C9QNBDCR B08DCHFSKC B07X9MN14C B09Z7QZW16 B08DCT239P | M40: TEZO Mens Rain Jacket Waterproof with Hooded Hiking Coat Lightweight Windbreaker | N40: 7132372011 | O40: TEZO | P40: 32552 | Q40: -0.18897775 | R40: 1245231 | S40: -0.19916819 | T40: 585573 | U40: 0.067120919 | V40: 38.73 | W40: 4458 | X40: 4.4 | Z40: 12 | AA40: Sports & Outdoors > Sports & Fitness > Clothing > Men > Jackets & Coats > Shells | AC40: TRUE
A41: Rdruko | B41: 25543 | C41: 35.19 | D41: 35.19 | E41: 35.19 | K41: B071DY1F8N | L41: B07F3YTJXV B071YXDZ45 B0727Z1H1F B074Z3Z9XH B072BKVTN1 B07196RRTV | M41: ANTVEE Reusable Adult Rain Ponchos 2 count (Pack of 1) for Women and Men with Drawstring Hood | N41: 2476604011 | O41: ANTVEE | P41: 32168 | Q41: -0.41343156 | R41: 446651 | S41: -0.50977861 | T41: 227761 | U41: -0.47366001 | V41: 13.94 | W41: 3773 | X41: 4.5 | Z41: 30 | AA41: Clothing, Shoes & Jewelry > Men > Clothing > Jackets & Coats > Trench & Rain | AC41: TRUE
A42: 33,000ft | B42: 25315 | C42: 57.36 | D42: 57.36 | E42: 57.36 | K42: B0CBLM2ZR3 | L42: B07BN782DS B07BN6KHBD B07BN6G5Y5 B085YLD2GZ B085YL46X1 B07C8Y6V4G B08SS8623C B08SS6KLZT B07BN7G9HS B085YKKZ4M | M42: Amazon Essentials Men's Lightweight Water-Resistant Packable Hooded Puffer Jacket | N42: 2476602011 | O42: Amazon Essentials | P42: 31702 | Q42: 10.143058 | R42: 1186424 | S42: 9.7475677 | T42: 486017 | U42: 12.596022 | V42: 35.61 | W42: 11355 | X42: 4.5
A43: Gioberti | B43: 25221 | C43: 44.35 | D43: 44.35 | E43: 44.35 | K43: B08SX3VF8F | L43: B08SX5VF23 B08SX5FG1B B08SX45RML B08SX3YQ7L B08SX2D458 B08SX2G71Q B08SX5C52T B08SX3RYBG B08SX2F7Z8 B08SX5D44Q | M43: Amazon Essentials Men's Snap-Front Pullover Polar Fleece Jacket | N43: 2476496011 | O43: Amazon Essentials | P43: 30545 | Q43: 0.046886246 | R43: 680605 | S43: 0.5438261 | T43: 274219 | U43: 0.26533221 | V43: 17.94 | W43: 767 | X43: 4.3
A44: Facitisu | B44: 24667 | C44: 41.85 | D44: 41.85 | E44: 41.85 | K44: B07CQMC5QW | L44: B0851FN3YL B0851FGPD5 B0851G3HRZ B08M191WPD B0851FS6FZ B08M34Q2P1 B08M178H55 B08M17HXVJ B08M17GLH3 B08M17ZNJJ | M44: Outdoor Ventures Men's Running Vest Outerwear, Lightweight Windproof Fleece-Lined Softshell Sleeveless Jacket for Golf | N44: 2562597011 | O44: Outdoor Ventures | P44: 30443 | Q44: 1.0729266 | R44: 1278753 | S44: 1.026521 | T44: 419858 | U44: 1.0440595 | V44: 42.11 | W44: 3033 | X44: 4.6 | Z44: 4 | AA44: Clothing, Shoes & Jewelry > Men > Clothing > Jackets & Coats > Vests | AC44: TRUE
A45: GIISAM | B45: 24501 | C45: 35.39 | D45: 35.39 | E45: 35.39 | K45: B07HRCTM4P | L45: B07HRG82NX B07HRD2R2D B07HRGYLHB B07HRDR276 B09LR3R78C B07HRFQFNJ B07HRF2QP2 B09HTH94FJ B07MK1BTKM B07HRFFCQB | M45: ZENTHACE Men's Sherpa Lined Full Zip Hooded Plaid Shirt Jacket | N45: 2476496011 | O45: ZENTHACE | P45: 30061 | Q45: -0.035702829 | R45: 1107395 | S45: -0.11557903 | T45: 217947 | U45: -0.16110023 | V45: 36.17 | W45: 3809 | X45: 4.5 | Z45: 49 | AA45: Clothing, Shoes & Jewelry > Men > Clothing > Jackets & Coats > Fleece | AC45: TRUE
A46: Rrtizan | B46: 23498 | C46: 74.29 | D46: 74.29 | E46: 74.29 | K46: B0CJFP7TRF | L46: B08FM31YJC B08FL9FZYR B08FL5Z8CR B08FM9Q5JQ B09FG58CF9 B08FM5MCHZ B08FLZDK84 B08FM25DC8 B08FM6ZLL2 B08FM8ZL58 | M46: TBMPOY Men's Lightweight Bomber Jackets Light Track Jackets Casual Summer Windbreaker Outdoor Golf Fashion Coat for Men | N46: 7132372011 | O46: TBMPOY | P46: 29707 | R46: 1047274 | T46: 577840 | V46: 35.3 | W46: 4716 | X46: 4.4 | Z46: 21 | AA46: Clothing, Shoes & Jewelry > Men > Clothing > Jackets & Coats > Lightweight Jackets | AC46: TRUE
A47: Springrain | B47: 23003 | C47: 56.8 | D47: 56.8 | E47: 56.8 | K47: B081YVDT55 | L47: B081YVDT55 B0BPHG87F4 B0BPGMKCL5 | M47: ORORO Men's Lightweight Heated Vest with Battery Pack | N47: 2562597011 | O47: ORORO | P47: 29689 | Q47: -0.46340979 | R47: 3517248 | S47: -0.50061592 | T47: 316393 | U47: -0.52547124 | V47: 128.24 | W47: 10486 | X47: 4.6
A48: Charles River Apparel | B48: 22344 | C48: 35.38 | D48: 35.38 | E48: 35.38 | K48: B08H6CXKNK | L48: B00GTW30I2 B00GTW3DS4 B00GTW3154 B00GTW3C2G B00GTW2Z4C B073JPHMT1 B073JNMV2Q B010TVI6C8 B010TVIDC6 | M48: Columbia mens Watertight Ii Rain Jacket | N48: 2476604011 | O48: Columbia | P48: 29132 | Q48: 0.39447609 | R48: 1895048 | S48: 0.58786583 | T48: 834886 | U48: 0.84757525 | V48: 62.06 | W48: 1669 | X48: 4.7
A49: Sejuani | B49: 21880 | C49: 28.18 | D49: 28.18 | E49: 28.18 | K49: B07WHB39GQ | L49: B07WQNJF91 B07WKJW9PV B07WQQ3FX1 B07WQQD1CL B07WNDLVXQ B07WQNPYS4 B07WKJVR9P B07WKJVHJ2 B08TTL398T B07WQPG72C | M49: HOOD CREW Men’s Casual Stand Collar PU Faux Leather Zip-Up Motorcycle Bomber Jacket With a Removable Hood | N49: 2476603011 | O49: HOOD CREW | P49: 28788 | Q49: -0.37824237 | R49: 1516612 | S49: -0.40060429 | T49: 663239 | U49: -0.45200084 | V49: 53.35 | W49: 13747 | X49: 4.3 | Z49: 1 | AA49: Clothing, Shoes & Jewelry > Men > Clothing > Jackets & Coats > Leather & Faux Leather | AC49: TRUE
A50: PIONEER | B50: 21711 | C50: 17.57 | D50: 17.57 | E50: 17.57 | K50: B0CN2VS6JR | L50: B0C68Z36CR B0CL1YG529 B0CHR9SPF2 | M50: Disposable Rain Ponchos for Adults with Drawstring Hood - Emergency Rain Ponchos Family Pack for Women and Men,Clear | N50: 1045830 | O50: ALBRY | P50: 28012 | R50: 252500 | T50: 107341 | V50: 9.6 | W50: 472 | X50: 4.5 | Z50: 10 | AA50: Clothing, Shoes & Jewelry > Women > Clothing > Coats, Jackets & Vests > Active & Performance > Wind & Rain | AC50: TRUE
A51: Little Beauty | B51: 21550 | C51: 38.99 | D51: 38.99 | E51: 38.99 | K51: B07N87G812 | L51: B07N87G812 B093FBXTGC B093FCB4PH B093F9NMDK B08X2HQ2L7 B0CKMVFD81 | M51: MACHLAB Men's Pullover Winter Workout Fleece Hoodie Jackets Full Zip Wool Warm Thick Coats | N51: 2476496011 | O51: MACHLAB | P51: 27828 | Q51: -0.10638708 | R51: 1081430 | S51: -0.16727306 | T51: 537844 | U51: 0.27544576 | V51: 41.75 | W51: 13938 | X51: 4.4
A52: Haellun | B52: 21185 | C52: 52.81 | D52: 52.81 | E52: 52.81 | K52: B0738HBW89 | L52: B07BN43CMG B07BN7FNZ4 B07BN43FCJ B07BN3ZKK7 B07BN3ZKJV B07C8Y7V9T B07BQWXG3Y B07BN72TM7 B07C8Y9JZH B08SS4GC6W | M52: Amazon Essentials Men's Lightweight Water-Resistant Packable Puffer Vest | N52: 2562597011 | O52: Amazon Essentials | P52: 27687 | Q52: -0.63102203 | R52: 873110 | S52: -0.46361455 | T52: 454960 | U52: -0.65856199 | V52: 28.67 | W52: 14309 | X52: 4.5 | Z52: 14 | AA52: Clothing, Shoes & Jewelry > Men > Clothing > Jackets & Coats > Vests | AC52: TRUE
A53: Little Donkey Andy | B53: 21183 | C53: 41.91 | D53: 41.91 | E53: 41.91 | K53: B07CQRYZQ1 | L53: B07Y9YN5G8 B07Y9Y3BGD B07Y9XQF92 B089SDT164 B07Y9XJKSC B07Y9Y66JH B07YC5QF9F B0BHR5X32L B09WJZ7DC9 B089SH5HTF | M53: Outdoor Ventures Men's Lightweight Softshell Jacket Fleece Lined Hooded Water Resistant Winter Hiking Windbreaker Jackets | N53: 7132367011 | O53: Outdoor Ventures | P53: 27555 | Q53: 1.1724219 | R53: 1462347 | S53: 1.0987182 | T53: 586883 | U53: 2.2393156 | V53: 53.62 | W53: 1231 | X53: 4.6 | Z53: 12 | AA53: Clothing, Shoes & Jewelry > Men > Clothing > Jackets & Coats > Active & Performance | AC53: TRUE
A54: FREE SOLDIER | B54: 20923 | C54: 51.4 | D54: 51.4 | E54: 51.4 | K54: B0761VQ11X | L54: B07HSV878L B08CXDNCGB B09LCPV35M B07HSWT86T B08CXFLBB8 B08ND5F9BD B08NCKG11B B08YRJHS1Y B0761VKBBV B08CXG981L | M54: ZITY Men's Zip Up Hoodie Heavyweight Winter Sweatshirt Fleece Sherpa Lined Warm Jacket | N54: 2476496011 | O54: ZITY | P54: 27000 | Q54: -0.43504007 | R54: 1038661 | S54: -0.46569177 | T54: 395555 | U54: -0.27562653 | V54: 39.97 | W54: 7790 | X54: 4.5 | Z54: 17 | AA54: Clothing, Shoes & Jewelry > Men > Clothing > Jackets & Coats > Active & Performance | AC54: TRUE
A55: WenVen | B55: 20907 | C55: 55.34 | D55: 55.34 | E55: 55.34 | K55: B0833R3YJV | L55: B081C7BKM8 B07XDNCP7D B07XDNRQW5 B07XBPSRM1 B0BCL55H96 B0BCL3BTQD B08KY1LWL3 B09K4VGL91 B08KY1QCTV B08KY1B2WZ | M55: Heavy Thick Flannel Plaid Jacket Sherpa Fleece Lined Hoodies for Men Zip Up Winter Warm Coat Buffalo Zipper Sweatshirt | N55: 2476496011 | O55: Gary Com | P55: 26900 | Q55: 0.40675662 | R55: 1127866 | S55: 0.49658981 | T55: 434661 | U55: 0.91323007 | V55: 37.96 | W55: 3331 | X55: 4.4 | Z55: 20 | AA55: Clothing, Shoes & Jewelry > Men > Clothing > Jackets & Coats > Active & Performance | AC55: TRUE
A56: MAGCOMSEN | B56: 20773 | C56: 37.32 | D56: 37.32 | E56: 37.32 | K56: B082N65BKT | L56: B002R0B9LK B002R0GRU8 B002R0GS1Q B0042JSJPS B002Z2FXQW B002Z2FXOE B002R0GRL2 B002R0KHE0 B002Z2FXLW B07PW8S5GM | M56: Dickies Men's Insulated Eisenhower Front-Zip Jacket | N56: 7132366011 | O56: Dickies | P56: 26842 | Q56: 36.646564 | R56: 1678080 | S56: 36.255067 | T56: 554313 | U56: 18.187684 | V56: 60.12 | W56: 10309 | X56: 4.5 | AC56: TRUE
A57: adidas | B57: 20454 | C57: 34.14 | D57: 34.14 | E57: 34.14 | K57: B0B5Z9PBPY | L57: B0B5ZMJK4C B0B5ZLFQC6 B0B5ZP2BJX B0B5ZN2SN9 B0B5ZLFQBR B0B5ZLXLXJ B0B5ZMJRM1 B0B5ZMF1MS B0B5ZM81JK B0B5ZMT7MS | M57: Outdoor Ventures Men's Rain Jacket Waterproof Lightweight Packable Rain Pullover for Hiking Golf Running | N57: 2476604011 | O57: Outdoor Ventures | P57: 26359 | Q57: 9.9646423 | R57: 888782 | S57: 10.206854 | T57: 422348 | U57: 12.041067 | V57: 33.51 | W57: 525 | X57: 4.5 | Z57: 12 | AA57: Clothing, Shoes & Jewelry > Men > Clothing > Jackets & Coats > Trench & Rain | AC57: TRUE
A58: chouyatou | B58: 20376 | C58: 57.89 | D58: 57.89 | E58: 57.89 | K58: B07WLR8XQP | L58: B07W4Z5347 B08CN5QPKG B083S85X9C B07W74SPV4 B07WCFMMYF B08CN6DHZX B07WLRLFXX B07W9CFQVW B07WDNBJCQ B07W4Z4HCT | M58: MAGNIVIT Men's Bomber Jacket Casual Fall Winter Military Jacket and Coats Outwear | N58: 7132374011 | O58: MAGNIVIT | P58: 26062 | Q58: 0.1387748 | R58: 1150515 | S58: 0.086691438 | T58: 507299 | U58: 0.076768457 | V58: 44.73 | W58: 4218 | X58: 4.4 | Z58: 14 | AA58: Clothing, Shoes & Jewelry > Men > Clothing > Jackets & Coats > Lightweight Jackets > Cotton | AC58: TRUE
A59: SAVKOOV | B59: 19903 | C59: 35.52 | D59: 35.52 | E59: 35.52 | K59: B0BN7MQ75R | L59: B08JTG2W3D B08GYWS8BZ B08GYVN1ZN B09C8J6YP4 B0B823D1C3 B0B81RZT1H B0B822MMMV B0B81RJB7G B0B81R1J6H B0B81SD7VZ | M59: DOACE Heated Vest for Men & Women, Smart heated Jacket, Battery Not Included | N59: 2562597011 | O59: DOACE | P59: 25982 | Q59: 5.7926797 | R59: 1326870 | S59: 5.0851081 | T59: 454496 | U59: 7.870811 | V59: 50.7 | W59: 1984 | X59: 4.3 | Z59: 37 | AA59: Clothing, Shoes & Jewelry > Men > Clothing > Jackets & Coats > Vests | AC59: TRUE
A60: Puwasa | B60: 19423 | C60: 36.57 | D60: 36.57 | E60: 36.57 | K60: B08ZSV439V | L60: B08RNJV14P B08RN8RQ7G B08RNJX8TH B08RNK4PWL B08RNF7HKZ B09FJHW5N6 B08RN9ZGSX B08RNC562Z B08RNFRPN8 B0995TZWWC | M60: Rdruko Men's Lightweight Bomber Jacket Causal Fashion Flight Windbreaker Light Jacket | N60: 7132372011 | O60: Rdruko | P60: 25543 | Q60: 0.177911 | R60: 888722 | S60: 0.14074584 | T60: 401919 | U60: 0.010430651 | V60: 35.19 | W60: 3171 | X60: 4.4 | Z60: 15 | AA60: Clothing, Shoes & Jewelry > Men > Clothing > Jackets & Coats > Lightweight Jackets | AC60: TRUE
A61: iCreek | B61: 19332 | C61: 51.68 | D61: 51.68 | E61: 51.68 | K61: B07RFH2GNL | L61: B07Q3PB9D9 B07Q4MKCRG B07G3QLD7R B07NX5HWH3 B07G3SRXP2 B08ZXK5HCY B082HCXMS4 B07Q7Y9CF9 B08ZXKZ99C B0B1ZYNTVQ | M61: SaphiRose Hooded Rain Poncho Waterproof Raincoat Jacket for Men Women Adults | N61: 2476604011 | O61: SaphiRose | P61: 25531 | Q61: -0.55277817 | R61: 532289 | S61: -0.49885373 | T61: 341160 | U61: -0.49447892 | V61: 21.2 | W61: 9167 | X61: 4.6 | Z61: 19 | AA61: Sports & Outdoors > Clothing > Men > Rainwear | AC61: TRUE
A62: (空白) | K62: B08YR33MMY | L62: B08YRDNXJK B0BQC4SXLM B08YRS85P2 B0BQC4L6MH B08YQY87QG B0BQC717J1 B0BQC7CJQZ B08YR11SX4 B08YR2CCG2 B08YRLSW63 | M62: 33,000ft Men's Hooded Softshell Jacket Waterproof Lightweight Insulated Windbreaker Fleece Lined Rain Shell Jacket | N62: 7132367011 | O62: 33,000ft | P62: 25315 | Q62: 19.13922 | R62: 1458395 | S62: 20.467506 | T62: 507560 | U62: 31.36577 | V62: 57.36 | W62: 708 | X62: 4.6 | Z62: 2 | AA62: Clothing, Shoes & Jewelry > Men > Clothing > Jackets & Coats > Active & Performance > Shells | AC62: TRUE
A63: 总计 | B63: 4361107 | C63: 44.8534 | D63: 8.78 | E63: 143.59 | K63: B08911LGJ6 | L63: B073X567FL B073X6KDTN B073X7H4K3 B073X6CRQ6 B073X5STYC B073X6X6G4 B073X6VL4R B073X6Q81T B07PT4DLHB B073X66411 | M63: Gioberti Men's Heavyweight Sherpa Lined Fleece Hoodie Jacket | N63: 2476496011 | O63: Gioberti | P63: 25221 | Q63: -0.27546682 | R63: 1072097 | S63: -0.23434932 | T63: 362004 | U63: -0.10424982 | V63: 44.35 | W63: 7467 | X63: 4.6 | Z63: 67 | AA63: Clothing, Shoes & Jewelry > Men > Clothing > Jackets & Coats > Fleece | AC63: TRUE | AG63: TRUE
K64: B0D6BKSD2W | L64: B076ZHMR3S B076ZKZD1B B07HP6QBK1 B0B94627B6 B07PHV9WZ5 | M64: Hagon PRO Disposable Rain Ponchos for Adults (5 Pack) | N64: 2476604011 | O64: Hagon PRO | P64: 25126 | R64: 292316 | T64: 202059 | V64: 11.63 | X64: 4.4 | Z64: 13 | AA64: Clothing, Shoes & Jewelry > Test Color | AC64: TRUE
K65: B09DVKV8CW | L65: B076FQJG7V B076FMJ51J B076FMH8TD B076FQ1CNG B076FP7H2K B07QY6GVNC B076FNRM81 B08XZ6VCWJ B07QY6TXTP B076FQ1Y4V | M65: Winter Heavy Warm Sherpa Lined Fleece Plaid Flannel Jacket Men Plus Size S-5XL Big&Tall Mens Coat | N65: 2476496011 | O65: Facitisu | P65: 24667 | Q65: 1.0462049 | R65: 1053318 | S65: 1.3552411 | T65: 359477 | U65: 1.4224987 | V65: 41.85 | W65: 3309 | X65: 4.4 | Z65: 14 | AA65: Clothing, Shoes & Jewelry > Men > Clothing > Jackets & Coats > Fleece | AC65: TRUE
K66: B09QRXHHVP | L66: B09QRXFHG2 B09QRMVL84 B09QRM2MKT B09QRTBL5F B09QRW2HF1 B09QRYDG2Q B09QRJ61MD B09QRRBLSK B09QS6MM6G B09QRJ8PFY | M66: GIISAM Mens Windproof Jacket Waterproof Lightweight Mountain Sport Jacket for Men Hooded Windbreaker Raincoat | N66: 2476604011 | O66: GIISAM | P66: 24501 | Q66: 0.16882931 | R66: 861243 | S66: 0.31626543 | T66: 399105 | U66: 0.26072041 | V66: 35.39 | W66: 2259 | X66: 4.3 | Z66: 24 | AA66: Clothing, Shoes & Jewelry > Men > Clothing > Jackets & Coats > Lightweight Jackets > Windbreakers | AC66: TRUE
K67: B0CFQK593L | L67: B0B3QTVF5D B0B3QHH1H3 B0B3QPQJ62 B0B3QN4FY3 B0B3QZSLDP B0B3RGNBDM B0B3QSNJMB B0BG45PP7C B0BG43YTQ6 B0BG45F8BL | M67: COOFANDY Men's Plaid Hoodie Flannel Shirt Jacket Long Sleeve Casual Fashion Button Shirts | N67: 7132374011 | O67: COOFANDY | P67: 23766 | Q67: 15.481276 | R67: 711126 | S67: 13.501529 | T67: 302647 | U67: 15.818394 | V67: 30.66 | W67: 362 | X67: 4.1 | Z67: 55 | AA67: Clothing, Shoes & Jewelry > Men > Clothing > Jackets & Coats > Lightweight Jackets | AC67: TRUE
K68: B01NBATSLU | L68: B01N2K321E B01MSPCN2I B01N97UW7N B07ZF7TG3J B07ZF4HJLD B01NA9F2T3 B01MXOI918 B01N2K30AI B01N78HE0X B01MYPZL3Q | M68: COOFANDY Men's Fashion Varsity Jacket Causal Slim Fit Cotton Letterman Baseball Bomber Jackets | N68: 7132373011 | O68: COOFANDY | P68: 23535 | Q68: -0.36100024 | R68: 843672 | S68: -0.3573668 | T68: 594010 | U68: -0.39806248 | V68: 35.83 | W68: 4172 | X68: 4.2 | Z68: 27 | AA68: Clothing, Shoes & Jewelry > Men > Clothing > Jackets & Coats > Lightweight Jackets | AC68: TRUE
K69: B0CD22S39B | L69: B0CD1XWLCW B0CD1XBCRF B0CD1ZZ7NG B0CD21HNSQ B0CD21Q5JS B0CD216LKG B0CD1ZJC7F B082TVV7QB B08KDTK3XX B08KDQYG6L | M69: Rrtizan Heated Vest for Men Women,Lightweight Heating Vest with Battery Pack for Winter Outdoor Hunting Skiing | N69: 2562597011 | O69: Rrtizan | P69: 23498 | R69: 1382646 | T69: 263862 | V69: 74.29 | W69: 2452 | X69: 4.1 | Z69: 16 | AA69: Sports & Outdoors > Outdoor Recreation > Camping & Hiking > Clothing > Men > Vests | AC69: TRUE
K70: B085YSVTYJ | L70: B085YT34P4 B085YSWKZB B085YSQRP2 B085YSBPYY B085YTBZKL B085YTD1LZ B085YSZQ3Q B085YSXNJ2 B085YT6FTF B085YSBPZ4 | M70: Amazon Essentials Men's Long-Sleeve Fleece Shawl-Collar Cardigan | N70: 2476496011 | O70: Amazon Essentials | P70: 23072 | Q70: 0.22945753 | R70: 522785 | S70: 0.54227513 | T70: 203297 | U70: -0.15504507 | V70: 22.66 | W70: 3313 | X70: 4.5 | AC70: TRUE
K71: B0CL9KDMYD | L71: B07KWSC76R B07KWRSWDN B07KWSNTQR B07KWSTYNS B07KWV1N5V B07KWR4212 B07KWRBZ92 B07KWTV6VQ B08FHP3YPR B07KWSWQCY | M71: Springrain Men's Wool Blend Pea Coat Notched Collar Single Breasted Overcoat Warm Winter Trench Coat | N71: 2476613011 | O71: Springrain | P71: 23003 | R71: 1213169 | T71: 479035 | V71: 56.8 | W71: 4240 | X71: 4.3 | Z71: 3 | AA71: Clothing, Shoes & Jewelry > Men > Clothing > Jackets & Coats > Wool & Blends | AC71: TRUE
K72: B09WHD2J5H | L72: B09KMNPQ5P B0BKQXGTGW B09KMKPTNZ B0BKQTMB1C B0815HXGZP B09KMNCQ47 B09KMMT94L B09KMNQSXT B0BKQZNBHZ B09KMN922H | M72: Columbia Men's Steens Mountain Half Zip Fleece | N72: 2476496011 | O72: Columbia | P72: 23000 | Q72: 2.5135961 | R72: 831010 | S72: 2.3068576 | T72: 303330 | U72: 2.5781018 | V72: 35.23 | W72: 81 | X72: 4.7 | AC72: TRUE
K73: B09XB3QVC5 | L73: B07JW4TL96 B07JCGZFJ1 B07JW4CMW3 B07JBN39M2 B07JB9D3BS B07JW4SYK4 B07JCC7P1L B07JCD7LYK B0814B8L4F B07JW4SYKT | M73: Columbia Men's Powder Lite Jacket | N73: 7132372011 | O73: Columbia | P73: 22731 | Q73: 55.544776 | R73: 1968865 | S73: 66.831082 | T73: 653637 | U73: 89.947127 | V73: 82.9 | W73: 522 | X73: 4.6 | Z73: 12 | AA73: Clothing, Shoes & Jewelry > Men > Clothing > Jackets & Coats > Active & Performance > Shells | AC73: TRUE
K74: B07L76V3KQ | L74: B000BB9FT0 B000BB7W4U B0099SDKGU B000BB4KRC B003WWTQRQ B000BB7VYQ B0088AFR9S B0099SDL1Y B000BB9FMW B003WWTMHK | M74: Charles River Pack-n-go Wind & Water-resistant Pullover (Reg/Ext Sizes) | N74: 7132372011 | O74: Charles River Apparel | P74: 22344 | Q74: -0.18707706 | R74: 786990 | S74: -0.21530993 | T74: 279246 | U74: -0.016400025 | V74: 35.38 | W74: 7777 | X74: 4.6 | Z74: 16 | AA74: Clothing, Shoes & Jewelry > Men > Clothing > Jackets & Coats > Lightweight Jackets > Windbreakers | AC74: TRUE
K75: B08L1MCGRF | L75: B08F4YS1RH B08F4YYKKR B08F517NJP B08F4ZF7Z8 B08F513K33 B08F519JDB B0B59K58J2 B0B59FSXBS B0BS3HMV86 B098LQZMCT | M75: Venustas Men's Heated Jacket with Battery pack 7.4V, Windproof Electric Insulated Coat with Detachable Hood | N75: 7132366011 | O75: Venustas | P75: 22341 | Q75: -0.064760549 | R75: 2644944 | S75: -0.20625836 | T75: 144467 | U75: -0.67022238 | V75: 137.96 | W75: 2981 | X75: 4.4 | Z75: 16 | AA75: Clothing, Shoes & Jewelry > Men > Clothing > Jackets & Coats > Active & Performance > Insulated | AC75: TRUE
K76: B08F4XV5S2 | L76: B0BPNMZC5W B0BPNLT4D8 B0BPNKTFZJ B0BPNKY7GY B0BPNL7MXV B0BPNJPQH9 B0B54PYN48 B0BPNR49Y3 B0BPNNLSLB | M76: Venustas Men's Heated Vest with Battery Pack 7.4V, Ultra-thin Carbon Fiber, Suitable for Winter Outdoor Hunting Skiing | N76: 2562597011 | O76: Venustas | P76: 22074 | Q76: 0.54883525 | R76: 2393574 | S76: 0.25126914 | T76: 164957 | U76: -0.14842883 | V76: 111.54 | W76: 2335 | X76: 4.5
K77: B08GCR5565 | L77: B0BYZ95MHY B08GCB4S5F B0C9LDSBG1 B08GC1DKLT B0C9LCV594 B08GBZCFP2 B08GC2BRJQ B08GC6BQW9 | M77: Heated Vest, Lightweight Heated Jacket with Battery Pack USB Charging Warming Clothes Heating Vest for Men Women | N77: 2562597011 | O77: Srivb | P77: 21937 | Q77: 2.2948333 | R77: 1227362 | S77: 1.3351947 | T77: 154040 | U77: 0.87970567 | V77: 60.16 | W77: 413 | X77: 4.2 | AC77: TRUE
K78: B0B8CS3CGM | L78: B09YRW3P7C B09YRVSNN7 B09YRWY8NC B09YRVPZH6 B09YRW36B9 B09YRXW1TJ B09YRVPH7S B09YRX7JFF B09YRWHN81 B09YRXC4DD | M78: Men's UPF 50+ Light Jacket Full Zip Sun Protection Hoodie Long Sleeve Sun Shirts for Men Hiking Fishing Zip Pockets | N78: 7132367011 | O78: Sejuani | P78: 21880 | Q78: 1.3168149 | R78: 625087 | S78: 1.457615 | T78: 326679 | U78: 1.9576826 | V78: 28.18 | W78: 873 | X78: 4.4 | Z78: 16 | AA78: Clothing, Shoes & Jewelry > Men > Clothing > Jackets & Coats > Active & Performance | AC78: TRUE
K79: B07PWY9PV5 | L79: B07PZ8M9H4 B07Q1DFX46 B07Q2H3N83 B07Q2GWW2N B07Q2HBJV7 B07PY4WYK1 B07Q2HBJQS B08S7PK3BY B07PY4VY6R B07PZ8MFZX | M79: Amazon Essentials Men's Heavyweight Hooded Puffer Coat | N79: 2476602011 | O79: Amazon Essentials | P79: 21854 | Q79: -0.55672299 | R79: 1020069 | S79: -0.42384575 | T79: 423000 | U79: -0.54670785 | V79: 42.34 | W79: 5377 | X79: 4.6 | Z79: 40 | AA79: Clothing, Shoes & Jewelry > Men > Clothing > Jackets & Coats > Down & Down Alternative | AC79: TRUE
K80: B07WW1T6SK | L80: B07S8Z16M5 B07S8YTCRB B07SB2J2XB B07SC4YHCZ B07SGVXLHN B07SC5C749 B07SFSP3TB B07SB2NKJX | M80: Pioneer Waterproof PVC Work Suit for Men – Repel Rain Gear Yellow Safety Jacket and Bib Pants - 3 PC Set With Detectable Hood | N80: 2476604011 | O80: PIONEER | P80: 21711 | Q80: 1.5201393 | R80: 377710 | S80: 1.6854604 | T80: 237813 | U80: 2.3832639 | V80: 17.57 | W80: 1290 | X80: 3.5 | Z80: 37 | AA80: Clothing, Shoes & Jewelry > Men > Clothing > Jackets & Coats > Trench & Rain | AC80: TRUE
K81: B07N2WR8XM | L81: B07J28Y9Y1 B08CC24HYT B08CBZCL54 B08CC278YG B08CC1W6VW B08YVX63PD B08CC1YWFT B0B422D17C B08CC1X1WG B0BJPGFGP7 | M81: Little Beauty Hoodies for Men Zip Up Sweashirts Fleece Sherpa Lined Winter Wool Heavyweight Jacket | N81: 2476496011 | O81: Little Beauty | P81: 21550 | Q81: -0.15543189 | R81: 748843 | S81: -0.28643766 | T81: 174592 | U81: -0.34234852 | V81: 38.99 | W81: 542 | X81: 4.3
K82: B086DM6YT3 | L82: B07RSQQXLZ B07RPM12HM B07ZKHJDXL B01JIVDZ4O B08VS86C37 B082KDNJXS B082K873ZF B082KGZRLS B082KMNRXQ B07CYLDY29 | M82: Mens Long Hooded Safety Rain Jacket Waterproof Emergency Raincoat Poncho | N82: 2476604011 | O82: SaphiRose | P82: 21318 | Q82: 0.029855072 | R82: 603016 | S82: 0.20228568 | T82: 265392 | U82: 0.0020691426 | V82: 28.5 | W82: 4851 | X82: 4.4 | Z82: 28 | AA82: Sports & Outdoors > Outdoor Recreation > Outdoor Clothing > Women > Jackets & Coats > Raincoats & Jackets | AC82: TRUE
K83: B07Z1TQCSB | L83: B07Z1TZYJD B07Z1TT9V4 B07Z1TVVWD B07Z1TND1N B07Z1T8VPH B0836H3JDJ B0836NYCS4 B07Z1T7BRS B085KX9312 B07Z1SNJXF | M83: Haellun Men's Long Sleeve Sherpa Lined Shirt Jacket Flannel Plaid Fleece Coats | N83: 2476496011 | O83: Haellun | P83: 21185 | Q83: 0.94948008 | R83: 1059655 | S83: 0.92489205 | T83: 272996 | U83: 1.1977877 | V83: 52.81 | W83: 1731 | X83: 4.5 | Z83: 1 | AA83: Sports & Outdoors > Outdoor Recreation > Camping & Hiking > Clothing > Men > Jackets > Fleece Jackets | AC83: TRUE
K84: B09KNN215S | L84: B082SPK6R3 B082SPKSTR B082SPGKS4 B082SPZN4X B082SQ2V7Y B082SQ6RHZ B082SQZTZK B082SPSBBW B08PF3PL1R B082SPGZPP | M84: Little Donkey Andy Men's Lightweight Softshell Vest Windproof Sleeveless Jacket for Travel Hiking Running Golf | N84: 2562597011 | O84: Little Donkey Andy | P84: 21183 | Q84: -0.49836601 | R84: 873744 | S84: -0.48581093 | T84: 473193 | U84: -0.45369816 | V84: 41.91 | W84: 6831 | X84: 4.4 | Z84: 100 | AA84: Sports & Outdoors > Outdoor Recreation > Camping & Hiking > Clothing > Men > Jackets | AC84: TRUE
K85: B07LB16Z11 | L85: B083P27818 B09J142PNN B083P25CL2 B083P1ZVY1 B083P288ZX B083P1PBDZ B083P111VN B083P184R4 B083P1SGLQ B08QNFPQ3B | M85: COOFANDY Men's Packable Rain Jacket Lightweight Waterproof Raincoat with Hood Outdoor Running Hiking Cycling | N85: 2476604011 | O85: COOFANDY | P85: 21008 | Q85: 2.4332407 | R85: 598136 | S85: 2.3589371 | T85: 395694 | U85: 3.5862676 | V85: 28.67 | W85: 1233 | X85: 4.1 | Z85: 16 | AA85: Clothing, Shoes & Jewelry > Men > Clothing > Jackets & Coats > Trench & Rain | AC85: TRUE
K86: B07PHYYQ7B | L86: B06Y5WW9FT B07VW9BS1V B07Q4NV229 B07TD2WW8Q B07QG8QK14 B07B4VZ4FM B088TMW923 B06Y6164RX B07VW7P1Y8 B08978L74N | M86: FREE SOLDIER Men's Outdoor Waterproof Soft Shell Hooded Military Tactical Jacket | N86: 7132367011 | O86: FREE SOLDIER | P86: 20923 | Q86: -0.18393853 | R86: 1067657 | S86: -0.19613706 | T86: 465745 | U86: -0.051122774 | V86: 51.4 | W86: 5268 | X86: 4.5 | Z86: 33 | AA86: Clothing, Shoes & Jewelry > Men > Clothing > Jackets & Coats | AC86: TRUE
K87: B072PVLN5K | L87: B072PTGH5B B0725Z1B4F B071P9VRH1 B071FJQ6L9 B072PWJ5R9 B072LXSN1Y B071FJQCG2 B072C5LWJ3 B071W2RM42 B07ML3SLR9 | M87: WenVen Men's Casual Canvas Cotton Military Lapel Jacket | N87: 7132374011 | O87: WenVen | P87: 20907 | Q87: 0.13384674 | R87: 1100758 | S87: 0.025377382 | T87: 482844 | U87: 0.30635369 | V87: 55.34 | W87: 4937 | X87: 4.5 | Z87: 20 | AA87: Clothing, Shoes & Jewelry > Men > Clothing > Jackets & Coats > Lightweight Jackets > Cotton | AC87: TRUE
K88: B0B45ZVN9M | L88: B0B463PRXC B07VFVYGM5 B0B462PVJL B07VFTS16Y B07VGXTFZG B07VFWPX2Z B07VGXJQWG B07Z4DJNMH B08CDCYJ8P B0B462SN1G | M88: MAGCOMSEN Men's Jacket Lightweight Bomber Jacket Casual Windbreaker Jackets Windproof Zip Up Coats with 5 Pockets | N88: 7132372011 | O88: MAGCOMSEN | P88: 20773 | Q88: -0.09097672 | R88: 768862 | S88: -0.074084154 | T88: 395380 | U88: -0.028867716 | V88: 37.32 | W88: 3117 | X88: 4.5 | Z88: 23 | AA88: Clothing, Shoes & Jewelry > Men > Clothing > Jackets & Coats > Lightweight Jackets | AC88: TRUE
K89: B08DNTNG3G | L89: B08DNV6DV5 B08DNW8RY5 B08DNTNJXV B08DNV4RP5 B08DNTKF51 | M89: Heated Vest, USB Charging Heating Vest for Men Women Washable Body Warmer with Battery Pack for Outdoor Camping | N89: 2562597011 | O89: Srivb | P89: 20666 | Q89: 1.039475 | R89: 1221029 | S89: 0.44294875 | T89: 175695 | U89: 0.18870261 | V89: 59.42 | W89: 1073 | X89: 4.2 | Z89: 33 | AA89: Sports & Outdoors > Outdoor Recreation > Camping & Hiking > Clothing > Men > Vests | AC89: TRUE
K90: B087Q497B9 | L90: B087C3R1GH B087C43D1P B087C3BT37 B087C31VC3 B089K8FWZV B089K8DKVC B091JYL7KR B091JZK7NW B087C288Q9 B091JZTCKX | M90: adidas Men's Tiro 21 Track Jacket | N90: 7132366011 | O90: adidas | P90: 20454 | Q90: -0.46657974 | R90: 698790 | S90: -0.42086939 | T90: 293857 | U90: -0.50100781 | V90: 34.14 | W90: 161 | X90: 4.4 | Z90: 2 | AA90: Clothing, Shoes & Jewelry > Men > Clothing > Jackets & Coats > Active & Performance > Insulated | AC90: TRUE
K91: B075MC2MDM | L91: B075M97YPB B075MBYHCK B075MB7SJ5 B07MGLQVR2 B078BQQFSQ B07M9F62DH B0794XQJLV B075MBGHJF B07MN523H1 B075MC83J1 | M91: chouyatou Men's Classic Notched Collar Double Breasted Wool Blend Pea Coat | N91: 2476613011 | O91: chouyatou | P91: 20376 | Q91: -0.1829992 | R91: 1149964 | S91: -0.21724191 | T91: 344687 | U91: -0.22959133 | V91: 57.89 | W91: 6571 | X91: 4.3 | Z91: 8 | AA91: Clothing, Shoes & Jewelry > Men > Clothing > Jackets & Coats > Wool & Blends | AC91: TRUE
K92: B079JMTQ84 | L92: B01G8TPRHC B01G8TPS7Q B01G8TPQTQ B078RFDZ44 B01G8TPT9S B07WFHJ1YG B09KNN149C B0BLS747LJ B09KNLDYQZ B07WHHCJGK | M92: ORORO Men's Soft Shell Heated Jacket with Detachable Hood and Battery Pack | N92: 7132367011 | O92: ORORO | P92: 20156 | Q92: -0.19745172 | R92: 2624102 | S92: -0.20468189 | T92: 211725 | U92: -0.40147226 | V92: 143.53 | W92: 1277 | X92: 4.5 | Z92: 10 | AA92: Sports & Outdoors > Outdoor Recreation > Camping & Hiking > Clothing > Men > Jackets > Softshell Jackets | AC92: TRUE
K93: B09R4XJKF4 | L93: B09R4Y2BTF B09R4YLS89 B09R4YLS8X B09R4XYJ7G B09RL256YT B09R4YMFP9 B09RL1W7JG B09R4XD76V B09R4Z9GJC B09RL1J3JM | M93: Amazon Essentials Disney | Marvel | Star Wars Men's Polar Fleece Full-Zip Mock Jackets | N93: 7132372011 | O93: Amazon Essentials | P93: 19948 | Q93: 39.462475 | R93: 395006 | S93: 35.690136 | T93: 137350 | U93: 18.156206 | V93: 15.88 | W93: 175 | X93: 4.7 | AC93: TRUE
K94: B0CJHPZN9R | L94: B0B2NSW4Y9 B0B2NTYHTK B0B2NX5LJL B0BGP823KV B0B2NTLMD7 B0B2NSTHW2 B0B2P65KMS B0B2NSW1HK B0B2NV45NH B0B2NVSWSS | M94: Mens Lightweight Jacket Casual Bomber Jacket Varsity Coat | N94: 7132373011 | O94: SAVKOOV | P94: 19903 | R94: 708907 | T94: 245952 | V94: 35.52 | W94: 1243 | X94: 4.5 | Z94: 10 | AA94: Clothing, Shoes & Jewelry > Men > Clothing > Jackets & Coats > Lightweight Jackets | AC94: TRUE
K95: B0CLDDX7PD | L95: B07D95JP81 | M95: Carhartt Men's Loose Fit Firm Duck Insulated Flannel-Lined Active Jacket | N95: 7132366011 | O95: Carhartt | P95: 19520 | R95: 2065001 | T95: 163729 | V95: 99.21 | W95: 22432 | X95: 4.7
K96: B07VNFJDPJ | L96: B07VL97M3Q B07VQJ8QGP B07VL97KZD B07VPHP9V5 B07VPHMBZD B07VL96928 B07VNFJXD2 B07VPFWGQZ B07VQJB78V B07VQGJW5P | M96: TACVASEN Men's Jackets-Bomber Jacket Fall Winter Warm Windbreaker Full Zip Casual Padded Coats | N96: 7132372011 | O96: TACVASEN | P96: 19469 | Q96: -0.2275126 | R96: 912352 | S96: -0.18777286 | T96: 454371 | U96: -0.27681671 | V96: 46.78 | W96: 7447 | X96: 4.4 | Z96: 100 | AA96: Clothing, Shoes & Jewelry > Men > Clothing > Jackets & Coats | AC96: TRUE
K97: B0CGX64366 | L97: B0CCSMD91K B0CCSNYFWX B0CCSLYYJ3 B0CCSNNXHB B0CCSMPRJP B0CCSN75KQ B0CCSKTW9Q B0CCSMRPZT B0CCSPJSDQ B0CCSKWMX7 | M97: Puwasa Men's Sherpa Lined Cotton Flannel Shirt Jacket Plaid Button Up Jacket Coat for Men with Pocket | N97: 7132374011 | O97: Puwasa | P97: 19423 | R97: 706880 | T97: 372925 | U97: 2142.2471 | V97: 36.57 | W97: 576 | X97: 4.6
K98: B0BDLZYYR7 | L98: B0B3JH4R61 B0BBVJQN2L B0BBVDMQYL B0B3JHTDRS B0B3JJQG3S B0BBVF1NCQ B0B3JLRL5G B0BZZD5R5F B0BBVLB1XK B0B3JFGLN6 | M98: COOFANDY Men's Casual Varsity Jacket Vintage Lightweight Suede Bomber Jackets | N98: 2476603011 | O98: COOFANDY | P98: 19350 | Q98: 2.0885874 | R98: 759558 | S98: 2.045236 | T98: 484651 | U98: 1.996445 | V98: 40.32 | W98: 721 | X98: 4 | Z98: 16 | AA98: Clothing, Shoes & Jewelry > Men > Clothing > Jackets & Coats > Lightweight Jackets > Varsity Jackets | AC98: TRUE
K99: B09YRJHG6M | L99: B08NWPHGYG B083NP87YV B0CNK439Q1 B083NCN9JN B09M2MBZGR B08NWPP4LN B083NQQZBL B08NWQJLMB B088ND5X5C B088N7LH4K | M99: iCreek Rain Suit Jacket & Trouser Suit Raincoat for Men & Women Outdoor All-Sport Waterproof Breathable Anti-storm | N99: 2476604011 | O99: iCreek | P99: 19332 | Q99: 0.25353391 | R99: 1004490 | S99: 0.28564517 | T99: 314049 | U99: 0.58909967 | V99: 51.68 | W99: 3976 | X99: 4.4 | AC99: TRUE
K100: B083VSNXMY | L100: B083W4JW26 B083W6J77N B0966RZB4P B083W11YQ4 B09HH451TC B08MLB6PV6 B083W5NQBF B09KRR5LSC B0861XKSTT B0861XT93Z | M100: COOFANDY Men's Rain Jacket with Hood Waterproof Lightweight Active Long Raincoat | N100: 2476604011 | O100: COOFANDY | P100: 18981 | Q100: 0.40683368 | R100: 863725 | S100: 0.29874865 | T100: 365828 | U100: 0.43118476 | V100: 45.57 | W100: 2591 | X100: 4.3 | Z100: 27 | AA100: Clothing, Shoes & Jewelry > Men > Clothing > Jackets & Coats > Trench & Rain | AC100: TRUE
...
